,X_hidden0,covariate0,covariate1,Z0,Z1,Z2,M0,N0,Y0,Y_struct0
0,14.142515112497666,7.367056884822203,1.0,0.9629605732494478,7.367056884822203,1.0,15.405359116735191,26.70083922539378,12.701603130493531,13.243130426270234
1,20.30991316657333,8.864028867237078,6.0,-0.7246110515177244,8.864028867237078,6.0,32.42087445255634,31.538850037996163,-212.39859504558322,-210.51862817448256
2,22.462695636233576,9.210571972951916,5.0,-0.8537592225874118,9.210571972951916,5.0,19.225227690427296,14.355358037929083,-126.33721136133249,-125.12105736991091
3,20.340118510013074,5.036329251830992,4.0,0.4597059550149875,5.036329251830992,4.0,16.970793242176736,21.84608995250846,-64.22749654245713,-62.436933414196524
4,19.26092503740537,5.2027511474056904,4.0,0.9885532424653152,5.2027511474056904,4.0,3.4484735882092146,27.72112287966244,-86.23792915956928,-86.31216210730202
5,17.74796237120321,7.998704107638365,7.0,0.040256502000462865,7.998704107638365,7.0,6.69359503631294,11.28178886156216,-347.95859966427804,-349.3589418203976
6,18.85046467745734,3.144506917442013,1.0,-1.2863933350836971,3.144506917442013,1.0,30.32707218308908,26.673540446185957,-32.85905541636771,-33.81872493684344
7,23.217899260031864,8.373823623450686,5.0,-1.360258366289327,8.373823623450686,5.0,15.0149199891077,29.710116096298016,-261.88209077399796,-260.90137159209974
8,24.027765416291633,4.9414164651742345,2.0,-1.4271364021862412,4.9414164651742345,2.0,36.25244391846685,38.34928172212857,-17.202565990395623,-18.764227648186115
9,21.266707784835603,1.158567243352684,1.0,-1.767622112939381,1.158567243352684,1.0,36.36990953762185,12.870797257617426,-36.8411277894084,-37.66013904629543
10,16.025345981707034,0.720591470729437,4.0,0.10948535944708751,0.720591470729437,4.0,25.827498867135525,5.405700311873465,-218.64426994971498,-217.07548780012996
11,16.894059657946848,8.419932110394631,7.0,1.1250439217080253,8.419932110394631,7.0,14.845434769709788,9.747579677918,-284.4337226626093,-283.95452603175795
12,17.597289475852033,0.555679169068779,6.0,-0.013415786924808768,0.555679169068779,6.0,16.941311747363805,2.1923754199168535,-362.6779251066819,-363.79054858042844
13,23.09801167866058,2.806114361336559,6.0,-2.2604147573378524,2.806114361336559,6.0,36.786364988949906,30.364420782490917,-612.992217492716,-613.760991432956
14,14.80370274439644,3.341300405015458,6.0,-0.19076046033454871,3.341300405015458,6.0,18.861525747293072,18.029830008670366,-423.2718324743829,-421.6843141499961
15,15.750724251496093,1.729944451915938,6.0,-0.1627989966326071,1.729944451915938,6.0,21.204461520817866,24.0778168611724,-436.6251005089446,-437.1722591088333
16,5.987372804783673,3.1389336980198923,4.0,2.0959987502254394,3.1389336980198923,4.0,3.9374324169878827,9.870395526488846,-127.93569314355825,-125.06875354241657
17,21.510425002302807,7.426925667250856,1.0,-1.4571379129195563,7.426925667250856,1.0,-2.4332024741700806,10.551035162483398,-18.700709238219204,-18.613596465572236
18,20.22661470806711,0.14682843560070769,6.0,-0.3906776025991957,0.14682843560070769,6.0,21.767514059700297,26.06066034988798,-323.83129951056475,-325.197873602253
19,15.478968701968348,8.271734245206865,4.0,1.7058526805445642,8.271734245206865,4.0,14.239508801957536,13.88697688956691,-131.21597265391298,-131.09186819844
20,20.785277926388623,8.565480235745582,4.0,0.44997834134654807,8.565480235745582,4.0,41.612391002194116,18.641325570704275,-156.36956697479008,-156.84573787969111
21,12.560533152643755,3.722615731915482,3.0,0.5633130735164247,3.722615731915482,3.0,21.493737169267014,29.65137633884129,-144.32857966643073,-144.65815689124008
22,15.21058583660603,1.536128990606348,2.0,0.11458443702387822,1.536128990606348,2.0,15.198198753324169,14.080654876976077,-91.46657513377599,-92.4194551756776
23,15.771424484999935,6.008404079450809,7.0,0.32994353865726456,6.008404079450809,7.0,20.189412875677753,25.169949491569447,-428.4442800606468,-429.56089534130257
24,13.328088066393443,1.1967255586489434,6.0,0.777609530278536,1.1967255586489434,6.0,6.184450740876898,34.088827324315304,-354.7022283882246,-355.4092823091441
25,17.74961886469443,3.6491936107825254,5.0,-0.8094863188927663,3.6491936107825254,5.0,9.98912398830937,18.310365403056792,-386.6209958712459,-387.50033282980525
26,22.73785005436207,9.584291809009724,3.0,0.8780585789081998,9.584291809009724,3.0,17.77636806287491,2.392534617713679,-4.7898611914004166,-5.478131135797064
27,25.847458440951527,9.95464472583637,6.0,-1.3730030168855392,9.95464472583637,6.0,5.900180585035969,29.743871421376316,48.892878360324886,48.23894443302561
28,18.812175415321626,7.7210489135458555,4.0,0.3283679728315381,7.7210489135458555,4.0,23.80517985912715,29.57216396013186,-198.82451173336813,-199.5908969191683
29,14.395033562401439,3.1096150992076623,4.0,0.17874096328632716,3.1096150992076623,4.0,11.701698051212308,17.14596401190189,-254.47599222092853,-254.26939415464335
30,19.657427861790218,6.876650491660925,4.0,-0.6162930881921079,6.876650491660925,4.0,12.994094078570729,13.704410176099362,-246.4161667114511,-245.77388300700443
31,16.766076435866196,7.054063654840127,2.0,-0.022685275325646737,7.054063654840127,2.0,23.61431672352484,30.32463639270486,-70.1386226930087,-68.96041518470972
32,18.14384854658356,3.8784169516364972,1.0,-0.6225401526655531,3.8784169516364972,1.0,13.563479473421243,-5.5514615275575,-26.377781903274304,-26.51652792404642
33,19.023162585288453,6.408886345861594,4.0,-1.0717013268617444,6.408886345861594,4.0,7.826920039864614,20.966312395028666,-252.17646914604978,-252.0045770881506
34,20.61705343552037,0.10727644975676243,7.0,-0.35361474161364437,0.10727644975676243,7.0,19.67833274925657,20.118132954522274,-382.7248742020975,-384.51798448210593
35,20.872189541766765,2.0905765860224146,1.0,-1.1039886353716615,2.0905765860224146,1.0,14.805826824429271,12.96427991102578,-43.882375369789116,-44.951498347337775
36,20.242740378281614,5.250883029672612,7.0,0.3227974640932481,5.250883029672612,7.0,24.42717929534803,14.526260476231915,-234.98977250808954,-235.7977665240993
37,16.801916388687445,1.6375130425829587,6.0,-1.1500854941523635,1.6375130425829587,6.0,21.869024653919972,12.46876908745902,-455.8218966919133,-455.6603397236821
38,12.3772418734154,1.6590686787653364,2.0,0.7119770229910514,1.6590686787653364,2.0,5.934906913525273,8.61599920017392,-70.81076054675664,-70.33628527371118
39,22.774866702330357,8.363042905502379,5.0,-1.18147906792882,8.363042905502379,5.0,30.111398298465552,15.18536161586516,-255.94389963696565,-257.0748540345388
40,25.276369896733346,9.891330026836055,2.0,-0.5662949155810063,9.891330026836055,2.0,16.42038046258006,35.82236443801328,41.491206516653925,41.42556959380891
41,19.746406047584326,5.559694280284484,6.0,-0.624603408215179,5.559694280284484,6.0,12.221419854643976,24.058705532091366,-351.6612372028564,-352.93069727372114
42,17.871898100353896,8.390697308817135,5.0,1.3251467288748389,8.390697308817135,5.0,30.694430738092517,40.7422216520243,-196.86168156656896,-197.91667222831177
43,25.17571701446311,9.903216643262725,3.0,0.33028994561659186,9.903216643262725,3.0,28.083312635772632,0.10163688106010937,39.076848919914866,39.86561137464345
44,17.38784907228522,1.415958885687747,1.0,-0.21173380254439425,1.415958885687747,1.0,26.320788940809692,27.253927509148806,-20.758739688303756,-21.507486734132
45,17.458761278067474,4.482456132543511,7.0,0.4987194410697233,4.482456132543511,7.0,30.318405832882316,2.9167286479702046,-397.8391832327687,-399.7262020715177
46,23.673076767279127,3.925727158419199,4.0,-2.107192347329688,3.925727158419199,4.0,14.09767246367754,18.374937616635634,-376.49629453472033,-377.10019408121724
47,17.07023770094871,0.8004928364618502,7.0,-0.043133589640907445,0.8004928364618502,7.0,22.87153224269037,19.385961289625396,-464.74807551608393,-465.3152061477555
48,14.172762356071118,7.553301727947445,5.0,1.9975141778047627,7.553301727947445,5.0,6.199466638055029,9.234335308789579,-211.16808237443237,-212.09345701604977
49,15.967187526685814,4.33779027322593,6.0,0.13234650640267256,4.33779027322593,6.0,14.948126637044457,14.790540322054326,-367.00185696249883,-365.95055166113474
50,19.218148099478856,4.693269341904013,6.0,0.0679131691693355,4.693269341904013,6.0,24.647729120931935,13.486127586089241,-234.31635335828776,-234.4579090104418
51,15.34466069088016,1.5067297381324019,2.0,0.5481283796421961,1.5067297381324019,2.0,11.758649222964491,7.137605966015515,-93.36452574631474,-93.0108129161745
52,12.38933066151214,1.8092665223086812,3.0,0.8956052433143455,1.8092665223086812,3.0,9.748361324716619,12.133439937694328,-146.3732164163454,-145.9395123851432
53,24.53145486161615,9.07103622156215,4.0,-1.9974666928898597,9.07103622156215,4.0,11.753949946073948,23.268745837662436,-123.17736998367121,-124.51141368388676
54,21.859013565193397,0.44649088974278883,4.0,-1.6823264817910268,0.44649088974278883,4.0,30.530405964150773,28.537846254914317,-259.0884267723644,-259.45925678993706
55,13.612407345291173,2.3285228494370624,1.0,0.21029129108614655,2.3285228494370624,1.0,26.301155597269073,18.67049387920509,-7.226084685748065,-6.669141343890995
56,17.347684384506152,2.9205933031452833,4.0,-0.7148765618975097,2.9205933031452833,4.0,-7.055155386562067,24.200515012998295,-301.15163016854825,-301.5437682010373
57,21.714254675201513,4.901975424015864,2.0,1.3120252622199142,4.901975424015864,2.0,36.6175007186469,33.56249221062438,-12.21782588956381,-12.883781485321215
58,18.240208419988605,5.864451730147959,6.0,-0.3151743898852239,5.864451730147959,6.0,12.08322810554904,26.032234367093523,-397.84874498238946,-398.1372583221074
59,22.170724808525815,4.932899758506666,5.0,-1.9345307357131178,4.932899758506666,5.0,31.73936817156396,9.102181754762217,-113.38265331242738,-113.09573826237806
60,19.875273604769095,0.8411533455688203,7.0,-1.268013916843997,0.8411533455688203,7.0,14.045470189885945,20.641162925939213,-533.2785404559924,-532.5409992864002
61,25.93901383950271,2.4366745405571355,6.0,-2.7496760196305754,2.4366745405571355,6.0,33.89976610306132,24.904099404204466,-677.3701652705997,-678.2962445188598
62,19.67411193063355,8.435883847625412,3.0,-0.23412553728291255,8.435883847625412,3.0,24.325711069143054,17.88100139542861,-104.26313787830229,-103.88580725805404
63,15.574846731503381,6.375887004784591,7.0,-0.18838412726438336,6.375887004784591,7.0,12.965439878035877,1.5029333348206304,-418.9087649381484,-416.6353527895512
64,19.97790303661903,6.491490501342744,3.0,-0.42446270978189776,6.491490501342744,3.0,27.93344743421016,7.000048391451443,-181.27243053069512,-181.42181690543487
65,14.948409489668256,6.70203255351355,3.0,1.0788790390297387,6.70203255351355,3.0,24.190279293413678,10.146425142207459,-125.1603100072316,-126.85961288367382
66,15.210620666064695,7.629030190395291,7.0,1.1985198365166936,7.629030190395291,7.0,31.22779558163822,22.90003212184802,-338.65247701318447,-338.95065074763704
67,17.235386833641765,0.5810848172144734,3.0,-0.1703884233561112,0.5810848172144734,3.0,-0.06318997788031311,6.429873711371405,-149.28420427381278,-147.95223431260624
68,23.266119052712146,3.6660838493261236,1.0,-2.134693667476856,3.6660838493261236,1.0,28.15685466699727,20.814537795943565,-55.593224005478326,-54.800413950058946
69,17.764939343735723,5.395274352616787,4.0,0.6172815804922585,5.395274352616787,4.0,17.257627368307087,28.32418175693656,-141.39252553214064,-141.02439704514424
70,14.414401894297615,3.3845648329732603,6.0,0.5553602285085755,3.3845648329732603,6.0,-1.5924799989278817,18.2014845183122,-410.3558376889696,-412.2819930990046
71,19.447429961430956,8.444788732871865,2.0,0.309391570156945,8.444788732871865,2.0,22.915495330185824,-3.9063227444597324,-47.249651491732536,-47.3590118454907
72,20.213497998821932,4.825725085872939,4.0,0.9814797493081158,4.825725085872939,4.0,16.520650018245032,35.964426039683616,-91.88951385949662,-93.14374963822308
73,20.944490289315436,7.686275894593791,1.0,-1.16482809646104,7.686275894593791,1.0,8.342432841627975,32.01231649495894,-12.348709307545043,-12.726247698115237
74,15.88871771238667,8.52015516881169,5.0,2.008755386185139,8.52015516881169,5.0,26.638620413965395,15.445214734622965,-162.4021185235438,-162.72274937322632
75,23.98731573656149,5.047914829034981,4.0,-0.959427753141868,5.047914829034981,4.0,9.070627738627802,38.69148682978948,-85.7405447597756,-85.1065969264666
76,19.47406157073149,9.095522438713498,3.0,0.7492229272008546,9.095522438713498,3.0,14.659941258027693,12.419349613522382,-48.48499791468161,-48.86424516549619
77,19.797421059221193,5.871239405369806,2.0,-1.6873476944133516,5.871239405369806,2.0,13.793854801152186,5.49645357759475,-103.25871347217117,-102.15769125593584
78,21.8937325242944,8.502742988337218,4.0,-0.9302646872700508,8.502742988337218,4.0,40.40828844081538,8.625013310777609,-172.0708114019671,-173.125491454055
79,10.73979120822844,3.405907955915243,5.0,1.5163686467253361,3.405907955915243,5.0,2.515382054687734,14.675611340253571,-263.7870076056408,-263.39753488227564
80,22.731594008360684,4.988169585314852,7.0,-0.2608998230008499,4.988169585314852,7.0,27.004241858219565,15.743881465503506,-174.9894841340346,-175.38293394295752
81,19.30482765073909,5.314110410045777,4.0,0.8399226051327979,5.314110410045777,4.0,18.910054204720737,15.013449529041736,-124.40100845326485,-124.90971613839102
82,15.038466848319866,1.0497971589607058,2.0,0.2369553887192461,1.0497971589607058,2.0,20.89005596695624,6.63564404071632,-79.52043372035811,-79.22676676600547
83,16.619562717179587,3.9855250670154065,6.0,-0.10495815600017268,3.9855250670154065,6.0,3.9474400176893045,32.70198869332533,-438.2825894257808,-439.0266771921651
84,19.917933776768077,9.17337672551676,5.0,1.3638503249326897,9.17337672551676,5.0,8.901209299473743,13.46283321684472,-112.73724957790716,-112.48376387991931
85,16.97879311582327,6.3083224036474235,5.0,-0.23665882465190033,6.3083224036474235,5.0,-5.794634086123871,29.680530111521,-302.5440080775982,-301.7383490624828
86,20.683516639745086,1.7750658243696749,1.0,-1.7807381075634705,1.7750658243696749,1.0,11.559055876450467,26.769877837085676,-40.91074680329894,-42.145190542024594
87,19.77188114461352,3.38855635609605,3.0,-0.8032400919517051,3.38855635609605,3.0,36.99679742131134,7.992261658558643,-232.34431896551382,-234.26305864454324
88,11.491858133999884,1.9160300966269983,6.0,0.5511917287016942,1.9160300966269983,6.0,14.548648846797606,17.189314455893015,-352.01823932955307,-350.49182309047467
89,17.856711258258873,0.2482313179857254,6.0,0.39550910636250813,0.2482313179857254,6.0,13.01831259466222,4.454705028229796,-311.19344208932864,-311.9356233507581
90,21.841860542206838,9.274604585040267,4.0,-1.5670582502354382,9.274604585040267,4.0,14.190601968095319,26.943389330340775,-76.63037848005759,-75.147644511221
91,19.386090610723155,4.482073282568715,6.0,-0.724342519408201,4.482073282568715,6.0,8.641501831298264,11.233092376119844,-366.4286631894313,-365.3485795233849
92,16.491279948815322,3.0753507242078615,6.0,-0.5817213492022466,3.0753507242078615,6.0,29.19699439394997,22.321716271492477,-463.0606155231198,-463.7391070194664
93,15.64742985268852,5.984771915577366,3.0,-0.365469594114225,5.984771915577366,3.0,14.23181395729602,14.822558199888304,-146.0640141734397,-143.54570645870953
94,22.106277754293597,0.07314456293015636,7.0,-1.3759135886015514,0.07314456293015636,7.0,24.597779239138355,-0.579900214999256,-397.4894564625653,-398.48665602458726
95,16.64411641374373,2.7802210660081386,3.0,-0.6283711081194786,2.7802210660081386,3.0,36.14015520089623,21.716083224848113,-202.51154629943193,-202.1026633255444
96,17.13762080495235,7.030334656988925,2.0,-0.7286104852595274,7.030334656988925,2.0,23.66098082135031,12.360170573840291,-73.22005222306966,-71.987244319437
97,15.580133056093102,6.337697730692629,5.0,0.7715332597619193,6.337697730692629,5.0,2.398081331646713,22.717283870173397,-278.3047559970493,-279.0793950078619
98,25.52030031772138,9.818059475425354,5.0,0.8091213109902438,9.818059475425354,5.0,30.299622578867695,26.924134916546063,7.531781577560176,6.3109455527293505
99,18.65194722704419,6.203577096580441,1.0,-0.145810458088816,6.203577096580441,1.0,29.919865158745072,9.071942445701522,-15.958461963006958,-15.987889950777472
100,21.677992534306846,4.775058736277328,6.0,-0.3920397958707315,4.775058736277328,6.0,29.837612469710788,25.895202032642345,-210.82332736376316,-211.6243741942131
101,17.756960824799084,7.614325631840076,2.0,0.1399243120391134,7.614325631840076,2.0,38.786759418619766,4.817147475220484,-64.26409017271179,-64.3853010079709
102,23.465126056060477,9.033278719640531,6.0,-0.8165751074555749,9.033278719640531,6.0,12.012715240636755,31.267653703477873,-210.6421778928551,-210.2184808441341
103,22.087398120920735,7.206959467183516,1.0,-1.146832082167441,7.206959467183516,1.0,21.219746020955363,20.110015082482516,-23.04238662653445,-23.736462800969683
104,25.02339305262766,9.632112235493796,6.0,-0.9402212089257169,9.632112235493796,6.0,18.393431984554432,31.284743283024714,-61.54482917826642,-63.30783624689262
105,18.795514927832023,7.820051707381772,6.0,-0.6348131639714567,7.820051707381772,6.0,20.777758702652537,22.996126173699047,-321.05966240271226,-322.04086728873096
106,22.147200836767382,8.668014382619265,6.0,-1.163473799792271,8.668014382619265,6.0,17.85897570114589,23.55283322901709,-264.3373565109448,-265.059270925207
107,15.850267016960348,1.141040711836372,5.0,0.16205955906287475,1.141040711836372,5.0,12.906634983565162,-1.1274692632056258,-324.47872366692866,-323.6676140390912
108,14.097652298122881,7.324135029937877,4.0,0.7297156737837084,7.324135029937877,4.0,8.178632529331805,11.589934929397774,-163.667371500579,-163.1874410569192
109,21.734330500137713,4.400886995273686,5.0,-1.5870983007982418,4.400886995273686,5.0,6.075470375368962,13.193373305039628,-361.94838027798255,-362.919927765622
110,20.478035579599734,5.531038024112752,2.0,0.02512871121603335,5.531038024112752,2.0,11.063692234954535,44.67238992207856,-76.10885026784244,-77.87382773011532
111,18.209249556496303,6.541024094823568,6.0,-0.21993579526633558,6.541024094823568,6.0,13.672197990162388,35.73659074579513,-387.8128096634813,-388.812568101195
112,25.01528804104799,9.698151167055695,4.0,0.3415086855368029,9.698151167055695,4.0,25.275704312852856,29.157133111446498,-10.097377827346774,-11.148679422952974
113,24.606730508769626,9.845780814316246,4.0,-0.012938768103588062,9.845780814316246,4.0,27.89803130349455,15.310828266747324,24.11365392058137,24.084907480491715
114,19.736286311989414,2.8822824548790527,4.0,-1.4535992799316308,2.8822824548790527,4.0,-3.499228220883939,17.641213247865657,-339.2755271338088,-338.7120562655273
115,21.15371179959964,7.337534974379162,4.0,-1.2623892988571654,7.337534974379162,4.0,19.55689360707689,31.165700474930837,-246.94498325084362,-245.49195857211703
116,17.004866979988304,7.499835379352686,1.0,0.029423575584972723,7.499835379352686,1.0,13.404048338856086,16.875851917269816,1.8787672080049285,1.992542133837155
117,10.788208822702506,3.464928613130488,1.0,1.0287809197455093,3.464928613130488,1.0,8.029290263786525,23.894212398006545,9.744047622462576,10.064808727030641
118,23.841995690990213,1.2386977486422102,2.0,-2.214187371043003,1.2386977486422102,2.0,12.748730444048693,29.613801911358664,-155.37970176377695,-156.49572888678443
119,18.21588710247494,0.4094696028571976,1.0,0.34572657980157995,0.4094696028571976,1.0,32.512971563717414,7.226936421628887,-5.690688614190275,-5.218512968560226
120,14.590225762521717,7.773431275291785,4.0,1.1896220052876432,7.773431275291785,4.0,18.912745088129725,12.478207269388765,-150.24204973256823,-150.30509741358634
121,22.825791726516556,4.896997418169059,5.0,-0.1530258762062131,4.896997418169059,5.0,21.328970381625506,27.786910718530706,-124.53752762191709,-126.80081526935632
122,24.287035417647967,9.855401694949261,5.0,0.5502024960264408,9.855401694949261,5.0,22.871853328897977,31.98029115689614,21.22134972809221,21.196889909711338
123,21.10045327728307,4.649734561936531,4.0,-0.7030690808978022,4.649734561936531,4.0,28.520348091458388,24.24683575018792,-171.687952628732,-171.80445318301187
124,24.581020186787953,9.779169790738402,6.0,-0.11936619927687682,9.779169790738402,6.0,34.06888339686388,5.322281631492327,-11.991181340438049,-12.488894550355042
125,21.736893126197238,4.1157600219405985,4.0,-1.6209135183081516,4.1157600219405985,4.0,26.692280468377454,22.8520792954135,-333.1237214472575,-335.3809521737705
126,23.66343683673053,7.936821505599726,1.0,-2.344343308418874,7.936821505599726,1.0,41.18084202807486,35.55341844838379,-21.042302420229664,-20.197156555002074
127,15.21301065977426,0.8481927231183206,6.0,0.9427658012252752,0.8481927231183206,6.0,21.32415371584654,33.47260352920394,-359.16301322107296,-360.04407658526816
128,20.666014757906243,5.554617101377639,5.0,-0.9849949277244419,5.554617101377639,5.0,36.221840443430324,15.429184022543632,-295.2052205892883,-294.6674033671337
129,20.2340037876435,8.020597869857243,5.0,-0.4555278450034305,8.020597869857243,5.0,28.66593374110948,16.40518938462592,-260.8664611128485,-260.7048332648415
130,22.446468647704137,9.247016672198887,4.0,-1.3864422532701932,9.247016672198887,4.0,18.85959265814792,9.739372610643276,-83.72164755303466,-83.26206979085879
131,23.98832081042255,8.225830906174316,4.0,-1.4099697030838758,8.225830906174316,4.0,5.255710181158822,27.677967357904127,-216.8057629864916,-219.05190864619055
132,18.70436303122085,0.36970727201174225,1.0,-0.17383770009461635,0.36970727201174225,1.0,20.960657581907505,26.354932044483125,-4.3285904797203205,-6.123206553496246
133,18.35051489590611,3.727023413067342,4.0,-0.7295771941356465,3.727023413067342,4.0,35.62379643060382,21.613986983094378,-303.6944024806161,-304.4390036750418
134,14.879848306800294,0.4869847231385127,6.0,0.37797099799469847,0.4869847231385127,6.0,22.110498103067407,-1.4247857375222743,-307.0502110581387,-305.91997755546345
135,13.803814073496518,1.09282291114558,3.0,0.4525384189795919,1.09282291114558,3.0,4.383071074967678,25.55580962726628,-140.42275375644135,-142.1701779284116
136,17.544239425810517,6.753056286674841,5.0,0.32084964632460716,6.753056286674841,5.0,10.873741359532616,13.391126464602056,-295.37979912080044,-295.6284679224266
137,17.175689917500886,7.132581963116982,1.0,0.2386007909284437,7.132581963116982,1.0,9.973950239867555,29.47680992557502,-2.765121145555719,-2.4139484938528355
138,12.71554560800715,7.737206827516263,3.0,1.5777682049318862,7.737206827516263,3.0,18.309628229632573,11.700566947315707,-82.30747384647536,-79.81343821218522
139,22.802492619148694,8.654565480556629,4.0,-1.067593769044886,8.654565480556629,4.0,39.71580143180175,21.486594339094083,-163.58673594274507,-165.3149316722122
140,17.3539297418531,7.3943146847650985,7.0,-0.05493486620291775,7.3943146847650985,7.0,16.349067000339687,12.660048201343487,-395.9063283589996,-396.4729622369191
141,17.62891559959028,8.00871592106632,2.0,1.1326898205195888,8.00871592106632,2.0,18.81946622458078,20.661938296442692,-49.88700625734268,-52.68654576596853
142,14.154593580972369,0.48963709823279244,2.0,1.2645398093380364,0.48963709823279244,2.0,4.914589266722624,5.970013727274571,-51.419440210188164,-50.172159848713704
143,19.893328668902704,2.345351504412986,3.0,-1.4217636493445729,2.345351504412986,3.0,31.146650941771654,33.59402295771053,-240.2294591822575,-241.59462548760155
144,18.805133715057302,6.218977733752458,7.0,-0.3123554416558699,6.218977733752458,7.0,14.659372503364366,19.698701856428745,-490.1683490018379,-490.8185654317464
145,16.539211368331877,8.581253046248232,6.0,1.3581210958672605,8.581253046248232,6.0,1.981850285275442,10.507251369139027,-209.17370774318266,-209.4230645235004
146,17.05532611981594,0.045001249396591225,1.0,0.5080791051990653,0.045001249396591225,1.0,18.596249992674178,17.061667039588308,10.351395695338766,12.274835963227503
147,21.177421021273112,5.146293421163498,2.0,0.19526303147977275,5.146293421163498,2.0,15.966573012212955,23.43387499374905,-11.943844637897332,-13.116991580960587
148,18.558406385170134,6.772873993643972,6.0,-0.21768469343465674,6.772873993643972,6.0,20.93237432550113,38.70365413766311,-383.6731122823927,-384.7678421693587
149,17.628889551450236,0.2960728912861321,1.0,-0.38380092570774543,0.2960728912861321,1.0,30.047790343295734,22.144580640100784,0.25400374370283463,0.9531394485965805
150,12.963107471031105,4.013555575533879,6.0,0.2882190630903242,4.013555575533879,6.0,24.54325440798183,15.966934712574407,-360.66384121368,-360.38850788955364
151,21.998914145506863,8.956348813836968,2.0,-0.25237412498448336,8.956348813836968,2.0,12.579762033781876,21.458361272012198,-33.33648172829488,-33.08540381463657
152,16.625370448336803,6.7161280885585875,7.0,-0.04257862104444418,6.7161280885585875,7.0,17.149357271689084,12.32163251068258,-423.8258603521468,-423.0225613617785
153,14.242760754306236,2.376583633605973,3.0,0.07859870611503737,2.376583633605973,3.0,7.343872544443216,35.25279678295464,-173.94426551236361,-173.34679769725682
154,19.014475448505802,8.527811296319127,4.0,-0.6780715284934992,8.527811296319127,4.0,2.36550599359213,22.337802561579153,-146.9290758457348,-144.3961612502417
155,12.714570313543199,3.480314234095143,5.0,0.5321293738814383,3.480314234095143,5.0,36.43339992698102,2.867768051514407,-298.21864022586624,-298.62545531659737
156,14.502300734718888,8.533446711440595,1.0,2.9142446484154196,8.533446711440595,1.0,-2.857953226886659,8.657827322200825,28.563684287751702,27.535517595197863
157,21.836165199028727,2.989436511189055,4.0,-1.7769866393260751,2.989436511189055,4.0,31.051785094960486,26.021382751743452,-370.1190421424395,-369.9768492207599
158,15.11897453843071,5.90320250883149,4.0,0.3240125241899799,5.90320250883149,4.0,-2.6555580702991826,-1.8721878980841637,-205.68645662243702,-205.60239419680227
159,19.54869144559104,3.969400677478341,6.0,-0.7601900886189056,3.969400677478341,6.0,18.886284550008284,16.431096356509588,-501.18657961866654,-501.7853028820209
160,12.27872139098046,2.7482505075506705,7.0,0.57740257751925,2.7482505075506705,7.0,22.455845674644106,19.379644561299145,-449.3367807054102,-449.2787962838834
161,19.800062489837437,8.865575621718692,5.0,0.04655747332786092,8.865575621718692,5.0,-1.5006689771440058,5.023168422279488,-161.39399047610377,-160.50894674158548
162,14.095766911172348,1.8759368193949133,3.0,0.7618547740424635,1.8759368193949133,3.0,27.563491168493464,23.680763413102696,-167.26387377577313,-167.2674839242079
163,13.353584839019874,0.848115912357631,3.0,1.1755065765087795,0.848115912357631,3.0,0.9641881887888921,7.931423847984724,-124.65340617825177,-125.6702598324139
164,13.928171845870951,3.4192693854566034,3.0,0.19242111776818133,3.4192693854566034,3.0,-5.8504296594502865,17.402437716614905,-164.73509382219396,-164.40376790841577
165,14.556327020017783,7.1763914764156755,6.0,1.1320522884141782,7.1763914764156755,6.0,12.524231445417424,5.214270687043008,-294.30090862739524,-295.974539782464
166,24.984379118408043,8.074316059762817,3.0,-2.3442978937886774,8.074316059762817,3.0,29.49403063724252,24.794005847005035,-168.328394850606,-169.0450372453371
167,26.741423685424067,9.987433700667648,2.0,1.5904522979160232,9.987433700667648,2.0,29.586077497086233,24.896036761000275,50.85391581899662,50.92282151801422
168,12.876901204378068,2.963620570111649,3.0,0.3750621518923401,2.963620570111649,3.0,12.914680733595691,4.941439161622802,-155.00939121980613,-155.66355659810608
169,12.257954031467285,4.079419511312822,1.0,1.0778433557451819,4.079419511312822,1.0,19.33941285052694,21.221953928028164,6.691301839695264,6.166229777872971
170,19.489088776950158,1.368212780296263,1.0,-1.2198757448415216,1.368212780296263,1.0,15.611812062658892,17.613438036312544,-31.08948735304108,-31.764056132157513
171,18.293965320259787,5.748719296230336,1.0,-0.8307698816053357,5.748719296230336,1.0,24.593789807773664,3.9700761200388133,-10.65507836751457,-11.193048745918887
172,25.065284337520314,9.975800372629172,6.0,0.14593829414477413,9.975800372629172,6.0,39.97163271695494,13.150820456441142,57.36635093659025,57.95953163688204
173,17.416791105921327,7.008810101206585,6.0,-0.017037889337463016,7.008810101206585,6.0,10.3455127740961,15.557115675884278,-353.4241946168872,-353.3166514488161
174,17.099950862236355,5.952128404133718,5.0,0.2830685880099896,5.952128404133718,5.0,22.863105397138874,25.491931670998724,-306.89043968824114,-307.3120645181665
175,13.172298086479646,3.92369092921794,4.0,1.0845151609299661,3.92369092921794,4.0,11.61942090656261,4.6714909326879255,-222.6625721387848,-222.1484653621247
176,23.216421078831722,9.152987602855548,6.0,-1.7652203153028492,9.152987602855548,6.0,16.494417255894994,16.38970351443069,-181.5669533343622,-181.17407286895832
177,20.757554931993628,4.969165961303494,2.0,0.9738190717173091,4.969165961303494,2.0,7.88466647154225,35.981285565544894,-2.8261988703202547,-3.8765608580068545
178,16.23176189284485,1.343669133130615,7.0,0.008281909957927018,1.343669133130615,7.0,25.114696541781967,37.17633866600332,-507.67747645826813,-508.21516343646744
179,15.30788276486564,3.6537846319913347,4.0,-0.20378186112454774,3.6537846319913347,4.0,19.083617261695657,25.34063454521115,-261.77237499858114,-260.3140574691521
180,21.46717625693544,0.671666688477669,7.0,-1.4711152343848903,0.671666688477669,7.0,5.568756857782375,24.907216789265263,-537.7769911394514,-536.7239147606092
181,13.23609505819395,2.0197903768878156,2.0,0.503048668376865,2.0197903768878156,2.0,27.903517212419672,19.091264223001566,-79.97068859351558,-81.3684737083191
182,22.764743950347018,0.17668780999912204,4.0,-2.414107851031037,0.17668780999912204,4.0,32.49489472705263,33.28458889302145,-229.25370782540375,-228.69078997920883
183,15.805172997191956,4.532799165001634,5.0,0.6483940112387127,4.532799165001634,5.0,-3.1544924295176777,11.065818981161549,-223.9868921674188,-222.94780012617207
184,22.347752164203868,6.345402649517972,4.0,-1.492105835472992,6.345402649517972,4.0,28.792556225772525,30.9310215791868,-295.9669745856304,-296.45322010481743
185,14.787916485640395,3.4329246237890776,4.0,0.053457912617474034,3.4329246237890776,4.0,14.309800154457177,11.133285124146614,-257.460164847053,-256.1025680630348
186,17.999379969213756,4.203817715052772,2.0,-0.11916883732792043,4.203817715052772,2.0,7.763173466394678,21.03978816377056,-101.9128921570476,-103.96550575547623
187,21.987426714541446,9.59209272844576,3.0,1.1695381472938837,9.59209272844576,3.0,35.263938279879554,25.314955721097547,-2.0853165827687903,-1.4881046234297344
188,18.62795848289472,7.519631215749155,2.0,-0.17865516901389017,7.519631215749155,2.0,30.6004243298268,13.066020435666458,-71.14896413819548,-72.47877119895635
189,23.029004155005467,5.408566369449512,3.0,-0.6941385611456656,5.408566369449512,3.0,15.990501283487959,26.390402846330744,-132.33179532595074,-133.57286538432024
190,15.567085093049418,2.8454087511182524,5.0,-0.506602695971203,2.8454087511182524,5.0,3.7811584322934344,9.940479965766542,-359.83463991098836,-360.5439575441551
191,17.214096586312753,8.969967987729952,5.0,1.2728827687546636,8.969967987729952,5.0,38.19979444409902,12.3373782333382,-122.66171987124024,-121.93511657847338
192,14.384611260243652,2.350971168806595,5.0,0.5362969691808936,2.350971168806595,5.0,-2.5091322739667703,8.67873263025946,-337.7387535128909,-339.1209697399178
193,15.497964328938513,3.2534273051667704,3.0,-0.3856299815231613,3.2534273051667704,3.0,13.386744318455976,26.462298552073314,-184.61516922602854,-184.82451751892924
194,21.528956819980422,9.090648144229485,7.0,-0.23644641996451343,9.090648144229485,7.0,40.37585022377273,14.869419612177282,-218.07900720522593,-218.6084399204989
195,22.221524969531337,5.295420552850723,1.0,-1.567177090585447,5.295420552850723,1.0,10.444494022960717,15.177933082672872,6.25878205991164,6.250421069044748
196,17.13434271078415,7.423179494179767,3.0,0.388474200851541,7.423179494179767,3.0,31.866094503339905,27.474743368987077,-129.73912873390825,-129.6715554889404
197,20.64884311713695,5.9074479416376615,1.0,-1.7598157076954657,5.9074479416376615,1.0,33.18711059839458,35.64568666020308,-24.15414057777605,-25.337687576375288
198,14.785946653651163,6.5343920900949515,3.0,0.7517964658354561,6.5343920900949515,3.0,8.84949618819794,7.414787388021887,-129.31602100635016,-128.44062049368378
199,14.977571089437538,2.9938329151482557,7.0,0.12862159249126584,2.9938329151482557,7.0,9.672675407498552,23.363699963185987,-514.9678059991624,-515.1964441901403
200,5.847787994297368,2.4137206162666294,3.0,2.3869517995739225,2.4137206162666294,3.0,4.950803134851775,20.39916855655413,-72.3186206746598,-71.82735777761
201,17.988728237971603,3.224923471686653,7.0,-1.1001355537243058,3.224923471686653,7.0,39.19672757446371,25.38208773805813,-586.8121592934895,-586.8106411945802
202,15.325222519638183,1.5544156408342247,4.0,-0.10266209104063294,1.5544156408342247,4.0,1.391709951279152,15.404742505539149,-257.3138413764843,-256.76821573810986
203,15.908322726963414,8.743143652908074,5.0,1.7982877009230627,8.743143652908074,5.0,27.388827901353505,24.95271588175916,-139.13633413040017,-138.6945047096749
204,10.494665260023533,2.832469332501141,4.0,1.1913896402914144,2.832469332501141,4.0,22.883250942844278,5.435407596238594,-196.78935572802297,-196.4318532685972
205,19.507289185004346,5.614893944143846,2.0,-0.6962120515798997,5.614893944143846,2.0,14.688138222000884,16.36392738582593,-84.07138134841338,-82.76076855068287
206,17.592176539599915,7.919744251413741,6.0,0.22396742837344774,7.919744251413741,6.0,29.364877318224444,5.7939195894113205,-295.2558204250808,-295.0643184768492
207,18.076066433772315,7.838241093757135,7.0,0.001999356415087233,7.838241093757135,7.0,30.04316084630643,22.795368789649864,-372.7651627372331,-371.67635695383865
208,16.169138912299317,4.3838625858419284,2.0,0.2819558673941572,4.3838625858419284,2.0,32.57328274087719,20.458019337069807,-74.36111092674813,-72.84913796105204
209,21.004538840288554,4.762573085867256,6.0,-0.6986804359848298,4.762573085867256,6.0,14.85247377436119,30.367364259124813,-212.18458960168294,-211.97525364328413
210,25.6498075565743,9.947017489350248,2.0,-0.08932040270073452,9.947017489350248,2.0,10.692916244597672,17.720531224586374,48.457858390788914,47.68980773958328
211,22.763129736761787,6.745974769790241,6.0,-1.5980523752767137,6.745974769790241,6.0,10.614794499754748,16.81968179420836,-459.3528660205295,-460.5269889675165
212,18.127299972781824,8.146384431178827,6.0,0.13512345186808206,8.146384431178827,6.0,33.090832522248846,7.598075376953986,-280.95566529847343,-281.2146593429371
213,20.932705375886076,9.02553969219232,4.0,0.45002067342183205,9.02553969219232,4.0,29.830755774178417,22.12932518780046,-106.5661366113424,-105.13506453987179
214,18.66957681174892,7.875898362293392,6.0,-0.227419412643884,7.875898362293392,6.0,7.914852262086278,8.549051785884961,-316.5256574261431,-315.22717361387726
215,20.79210646301627,1.8517934495356758,2.0,-1.6150508905847878,1.8517934495356758,2.0,28.970123228420817,31.420235177665862,-143.0558234289864,-144.94768680069944
216,16.797875666995875,5.621707337375722,1.0,0.9885318628514624,5.621707337375722,1.0,-6.11742738651402,23.50286685803156,0.6523032087096144,0.7763228324003038
217,15.553274290143005,1.0189415731454488,1.0,0.3645250379928023,1.0189415731454488,1.0,16.838071851557586,24.530953237082205,-5.933497883102987,-6.7168315052502905
218,17.141962082702868,6.529221265639984,4.0,-0.7260150977009768,6.529221265639984,4.0,28.22224113527977,20.74222177898445,-226.26635216949677,-224.78473946891404
219,23.669355911977494,9.553494281878109,7.0,-0.28060044683806395,9.553494281878109,7.0,33.8586032979278,29.669161600595405,-101.7142452660568,-102.01024169797509
220,24.58344373933103,5.127320643001113,1.0,-1.5006694027818388,5.127320643001113,1.0,36.79595546236272,30.414085418664285,12.855735764804608,12.787718119372286
221,19.245966507418533,4.329724928677672,4.0,-1.0254101277779044,4.329724928677672,4.0,7.63893178943974,0.08053207799558137,-265.88367941974707,-266.25919023991906
222,20.13281887540459,0.35842751418163177,5.0,-0.5378113463571395,0.35842751418163177,5.0,28.953174092938,26.13727134940916,-298.40167461878195,-299.01794188201734
223,21.811353940367358,9.597745223292204,2.0,1.2284208122801512,9.597745223292204,2.0,30.02329997186477,43.36883403801892,18.04999803513663,18.783286137945282
224,16.51323467587649,1.0300268413015878,6.0,-0.6395033908874757,1.0300268413015878,6.0,34.61607705914444,2.625515577630086,-406.5077821702829,-404.8555368565321
225,16.26155254049764,0.41079093304846936,3.0,0.6402136593287587,0.41079093304846936,3.0,21.197633890090717,14.802375108907617,-124.40097376755706,-124.70345753447988
226,14.949449719143175,2.460666115049385,6.0,-0.5383162028615798,2.460666115049385,6.0,27.677832030297473,26.941205158866715,-436.19574630677005,-434.26726265877903
227,16.051788646279434,0.6553043391838242,5.0,0.24794756085187486,0.6553043391838242,5.0,2.6951754315241097,22.957116697810832,-281.10527012660657,-281.35559406227264
228,20.008959729371234,4.551178424117623,4.0,-0.14139550214380217,4.551178424117623,4.0,7.37044378072104,23.144762875422334,-200.71485082810332,-203.6328746133085
229,18.57999025628896,5.160878012571124,2.0,0.8730566000927434,5.160878012571124,2.0,4.470168872286541,23.889941035044163,-3.50944661489564,-3.7238467258443393
230,15.502251409229773,3.1256994902858395,4.0,-0.5348113382185579,3.1256994902858395,4.0,2.2615999134935283,10.100947084030961,-271.09173214903035,-271.07409126987864
231,20.338140359271378,0.5096048257488606,6.0,-1.572528250002441,0.5096048257488606,6.0,32.23740382806606,22.592737925008088,-404.1360350107995,-403.54588079362554
232,20.0530266088625,1.116003682492267,1.0,-1.3819490313636327,1.116003682492267,1.0,26.688532779360436,43.008607320640216,-32.523734730268956,-30.813065773774603
233,16.698215593773714,3.8450437798992807,6.0,-0.5318774939427574,3.8450437798992807,6.0,15.561019406807542,11.670923831486569,-449.8013947288409,-448.47340272608966
234,21.784413058730962,0.6052845082653613,4.0,-1.2490599706780527,0.6052845082653613,4.0,46.44834036486749,33.363997564437035,-276.83838610515886,-278.64888549718506
235,17.250833133211938,6.981897256099135,6.0,0.4102120156795513,6.981897256099135,6.0,30.004880686960078,-1.3240041990436993,-352.00456067532633,-351.7977860116909
236,17.030027705960947,2.07020541524812,5.0,-0.4657681648580778,2.07020541524812,5.0,21.709282026070472,28.533544773344587,-385.86803041848214,-385.5100968108568
237,7.169190264166504,3.020715687836385,4.0,2.3746065500264315,3.020715687836385,4.0,-1.6107499139753578,11.704414196255726,-144.11210282543692,-144.04146046251753
238,21.37287862603107,3.941257771780975,3.0,-1.737714595137132,3.941257771780975,3.0,24.640654010546488,16.959268737196822,-243.2346791121327,-242.5115349604698
239,14.394846970188478,4.166096330691479,5.0,0.20363317870980122,4.166096330691479,5.0,18.267918366810264,42.306166451142886,-301.2418569376269,-299.74845287128
240,22.223780360601776,0.016607076748005323,1.0,-1.127953023505669,0.016607076748005323,1.0,32.61063634474789,23.288816160721662,-6.6053554144819895,-6.990248761999119
241,16.31562821721866,1.1207037099869754,5.0,-0.4934013403826786,1.1207037099869754,5.0,20.103230515121354,-6.5935591649557495,-331.4513120497306,-330.1232027665829
242,20.503753717394176,8.627645637408781,1.0,0.14141947334054417,8.627645637408781,1.0,37.164850089223805,19.870353182280205,6.997409656018093,7.221462073831766
243,24.88095490383325,0.01233062511908134,5.0,-2.325371374874287,0.01233062511908134,5.0,34.98254267041035,30.957025490637623,-287.26204666030856,-287.1785866375162
244,21.856463861859716,5.081673558128751,5.0,0.23682611678802748,5.081673558128751,5.0,36.65883643170992,18.280695442458168,-108.22321594233252,-108.78102545848348
245,19.395058361515986,4.895020065072081,1.0,1.9029074622741677,4.895020065072081,1.0,26.802001734773526,-1.737681321433481,28.37316580862245,28.66229908294342
246,16.97650125993768,3.330941610106378,6.0,-0.45343829836859284,3.330941610106378,6.0,31.68683807082595,26.108582642979393,-469.3232706750428,-469.3687777685978
247,12.902244185980681,4.313270201464496,3.0,0.2598078568055095,4.313270201464496,3.0,18.626479257557474,11.275786186302216,-121.38978052914865,-120.47599165585271
248,16.31764231316457,7.805811375265844,6.0,1.0249216931253993,7.805811375265844,6.0,26.241678677680987,23.532177197095468,-285.0918979186251,-285.1200171187945
249,19.59513452153639,8.412037062149565,1.0,-0.16395350002699655,8.412037062149565,1.0,19.66893958213549,4.1903237041194075,5.29331099462288,5.590962825725448
250,16.798775380904665,2.6034854341525007,2.0,-0.5809601885314832,2.6034854341525007,2.0,16.980485462106653,1.48821458796343,-113.80445503680647,-114.18656293942117
251,23.30058885459719,3.2249044096772983,4.0,-2.2757364037217522,3.2249044096772983,4.0,15.017974183599012,17.25997597084501,-388.1564234238926,-389.0883659876164
252,12.660755447617092,2.4248285302833272,2.0,0.6409907193949733,2.4248285302833272,2.0,6.017047617042155,3.519737736067789,-78.14926466906135,-77.98451082148105
253,19.992265481590508,4.798634005510651,3.0,-0.11316840972889723,4.798634005510651,3.0,14.441454167400805,21.53001064902775,-61.02796761186067,-60.527672564965016
254,19.69975310166749,6.83258357658813,5.0,-1.0126838513881617,6.83258357658813,5.0,12.73433848841998,26.743283638050578,-325.6329791568046,-324.8852276220124
255,14.556820925032346,2.2825287546342055,2.0,0.12659671027769356,2.2825287546342055,2.0,16.864226119020742,17.64228772484432,-94.93142179930854,-94.21982616136198
256,17.114146937400783,3.3073574205486667,5.0,-0.5836803568061814,3.3073574205486667,5.0,35.445380541822885,12.850266251503081,-382.3992132656141,-383.1227814973652
257,22.701349804563794,9.303846175891504,1.0,-0.5284261311155256,9.303846175891504,1.0,35.005429810495585,47.11908208265341,22.50783917802573,22.04154836500731
258,16.95685186576472,0.48569289846958075,2.0,0.6062911561087082,0.48569289846958075,2.0,26.903753770643142,10.538183473438902,-68.78247192818476,-69.69645646461618
259,20.59445405533284,4.607696052395662,5.0,-1.3383824113238445,4.607696052395662,5.0,12.114883818902175,35.94873904184583,-247.09041881110883,-246.7906285353514
260,15.016487825089497,7.115580415967778,6.0,1.0473152860737585,7.115580415967778,6.0,2.453428300889785,19.622901306625067,-306.6701544195247,-306.7980178582009
261,21.160163561042342,1.5045401155747407,2.0,-1.3976861631184037,1.5045401155747407,2.0,6.049269949338424,0.0005815797456492078,-140.58916074089254,-141.83723597915173
262,17.40767195735309,0.47374020005481854,3.0,-0.6627014083552638,0.47374020005481854,3.0,33.46238840226129,6.456496784290104,-140.9393988512185,-140.88192104509702
263,9.660209079284225,1.3820537163853075,7.0,1.9229461940665773,1.3820537163853075,7.0,-3.215876102717411,-2.8433046061616523,-352.28891111281786,-353.1678810543428
264,19.72306637594887,9.18823193530683,7.0,1.1273547616424222,9.18823193530683,7.0,11.52352669559019,11.477500867341622,-176.32910960312356,-175.94914411678735
265,18.284646064298485,0.09259781821123414,5.0,0.09760399249544019,0.09259781821123414,5.0,15.883043412820024,27.801835867584963,-225.22252007724867,-226.2383358239775
266,17.28082698274017,1.8832197481135182,4.0,-0.9405302155012165,1.8832197481135182,4.0,11.21400671293636,35.721108751578356,-295.8829765855555,-295.6284255880944
267,19.077192469581377,0.3128351290164455,3.0,-0.5292723066998932,0.3128351290164455,3.0,22.211423727115335,8.43276032196764,-140.81614399915517,-141.2790224888154
268,17.582827459913403,1.1062946756220327,5.0,0.0732753145856964,1.1062946756220327,5.0,10.549295460004242,28.499282285221774,-349.4754293389212,-350.6403524256976
269,15.392883061393567,6.201492866282963,5.0,0.03752323233959842,6.201492866282963,5.0,20.62099016583677,8.270650479836515,-279.9172267161007,-279.49892561909854
270,14.031857347622772,2.416389087390858,3.0,-0.09087092962596285,2.416389087390858,3.0,6.112602942513119,-0.5638787160696523,-172.11810734741783,-170.89612243173667
271,16.07782140718412,5.692120504306768,1.0,-0.03083251408418433,5.692120504306768,1.0,18.221717120479944,20.858819691266756,0.8731408761693659,0.9167205182789857
272,19.094330477663576,5.901953827661261,2.0,-0.2143751097051141,5.901953827661261,2.0,24.172401020473696,29.595117289959504,-94.30772056645652,-97.63552693700606
273,21.726769926020708,8.494353330897791,7.0,-1.4419787356400129,8.494353330897791,7.0,15.933284316520371,10.03505904255828,-344.6863032570171,-344.13055134827493
274,20.044410889000762,0.047413929118739206,3.0,-0.5165107421608328,0.047413929118739206,3.0,12.540514033593864,15.966303922550024,-118.96274997451378,-119.0114136714324
275,17.654589303853932,8.533694593423668,4.0,0.9146240539868465,8.533694593423668,4.0,16.026505707081032,5.599398315241192,-132.07983838536433,-131.4920218205841
276,19.571442703181432,6.19119086426974,4.0,-1.3683342975511175,6.19119086426974,4.0,9.682075861162119,14.498329461889394,-265.11001816568876,-264.2151690941822
277,15.649813601141314,1.627434861049576,6.0,-0.18955551153927852,1.627434861049576,6.0,22.942834747108158,7.509657853696485,-429.2155945686703,-430.43555172827547
278,22.510954306958663,7.72937388135284,1.0,-0.819753928770844,7.72937388135284,1.0,36.820852760579754,20.517598836250063,-18.147589088712632,-18.79390089421826
279,20.926459121412904,8.554915417905857,1.0,0.11135042939811132,8.554915417905857,1.0,23.14097770163893,14.398499148200013,4.1050098819280265,3.8195401548143195
280,15.34695887161506,2.542634837541573,2.0,-0.38863318106681816,2.542634837541573,2.0,6.981377199500905,20.183595874794147,-103.32976030291438,-101.52848228034145
281,20.556571996569488,9.187936809026809,4.0,1.477393664974669,9.187936809026809,4.0,42.65785920339573,39.140611687570924,-80.42236748766459,-80.09004353953691
282,16.388988872646735,4.544574302986578,5.0,0.5065831541902538,4.544574302986578,5.0,9.362059594381218,-4.692807759031453,-227.39814400048274,-225.50286490702933
283,18.561483732247407,6.034244543333215,4.0,-1.3118031657772113,6.034244543333215,4.0,15.793304844737879,30.54491774489881,-252.96720744544254,-252.62618254576734
284,25.315860755375525,9.846495336176437,4.0,0.6712280116136986,9.846495336176437,4.0,23.255005691884897,31.78501790608935,25.227221699985016,22.292857324136875
285,18.897132720482894,3.615360786391993,7.0,-0.774651856262063,3.615360786391993,7.0,14.077020133994756,30.508070548658527,-597.7210837140466,-597.983576987038
286,21.071387180108925,8.131593458201129,2.0,-0.5769963713775336,8.131593458201129,2.0,28.835468994356276,34.582675406802764,-70.64843863063642,-69.72801004423158
287,13.505242854178604,3.1839911782845967,5.0,0.3138190201071218,3.1839911782845967,5.0,11.37724752538492,1.63569052808859,-317.4691855817989,-318.0136755299827
288,19.479627112501355,7.99213522241491,4.0,-0.49174741973013475,7.99213522241491,4.0,36.54334202421282,16.9436861730734,-191.3566355691744,-190.64371222109492
289,15.003284489165583,6.007339188626425,4.0,0.8928558163229553,6.007339188626425,4.0,9.213096919774852,34.55730466106451,-204.5991753196667,-206.09932554668447
290,17.932707353037017,2.163556952254014,6.0,-0.7745100615133954,2.163556952254014,6.0,7.717524390731231,3.092827375358212,-497.6171780246817,-497.56868172336453
291,17.305727923408035,4.140260937892364,2.0,-0.6189465525913632,4.140260937892364,2.0,18.45821469697073,21.9866736906199,-102.8016147277573,-102.05762755485351
292,15.581662564375335,3.176356343635617,7.0,-0.6563708935481088,3.176356343635617,7.0,18.060569639527593,26.10142029567662,-528.0520166207913,-527.088364946661
293,18.32751249681073,0.7810839308036388,3.0,-0.5656387483550389,0.7810839308036388,3.0,18.105454331147563,8.65482675689877,-172.85092901315238,-173.5641205355916
294,16.603803654568146,0.29834770099697483,4.0,1.099191555547813,0.29834770099697483,4.0,38.25661396380707,31.06753862960872,-178.84186843586525,-179.18442121190424
295,11.869603356020797,3.464786554071809,4.0,0.6287962936103031,3.464786554071809,4.0,-0.830269256236484,0.3186574892934555,-212.4291693429906,-211.4001989871669
296,15.379679140445868,0.1903414781748658,6.0,1.709943954012071,0.1903414781748658,6.0,11.281016367789643,26.333340724761783,-262.3004050546941,-262.4475915262772
297,8.20301105552066,1.6548775758177503,4.0,2.2676442038992546,1.6548775758177503,4.0,11.964115872935913,14.0376637038705,-154.10092967683948,-153.1652416246936
298,20.897982905934164,7.251833208508688,2.0,-1.0307170319323398,7.251833208508688,2.0,28.376823796649706,34.74142095778851,-93.33767164752086,-94.05658523282885
299,18.13048025340476,7.080912356835879,1.0,0.07041912732728889,7.080912356835879,1.0,16.332467745203513,19.56138252907793,-8.29813842927051,-7.186775559243081
300,19.90134899271059,7.385803864573827,3.0,-1.176200316643433,7.385803864573827,3.0,-6.8993721137425865,34.34167738432133,-157.1555376831272,-156.4236846003183
301,15.985953545815205,3.171531711299788,6.0,-0.7776059277482671,3.171531711299788,6.0,17.293772616681935,15.92396940448226,-451.07758133974016,-450.9267485217633
302,21.03327536752951,8.900194571176955,1.0,-0.6300825102556694,8.900194571176955,1.0,3.936463446553301,18.273873139214306,12.972466609254727,12.976778860503181
303,20.54503074548662,5.938305480284476,7.0,-1.0571548741382744,5.938305480284476,7.0,26.877503843756145,22.141290381017175,-528.2661463915518,-529.2219426628982
304,18.426727689261845,1.2602634174662652,4.0,-1.0518872728984137,1.2602634174662652,4.0,25.043609158679903,21.375751388580724,-289.2122130981612,-288.88487994141747
305,15.23772380276209,1.4371866145553414,1.0,-0.14428437852025486,1.4371866145553414,1.0,19.83704560848849,22.994475687006027,-9.951017503313414,-10.61702575009788
306,18.600132437291972,6.930954269297015,3.0,-1.216718418386407,6.930954269297015,3.0,23.959216559949148,22.718276163182622,-157.59984500218698,-157.48998282648637
307,14.178427785121606,1.7294393644207806,4.0,0.8421269591376328,1.7294393644207806,4.0,21.64140997716062,21.37438037929212,-243.61141217796356,-244.8741053985874
308,23.68618055094816,5.072927015820433,3.0,-0.9177535374175142,5.072927015820433,3.0,18.523741791422317,7.319990746910285,-49.9950836870641,-51.21121871410327
309,25.381446298189342,9.917744759287107,1.0,2.809568970096392,9.917744759287107,1.0,23.221630650510733,28.014813404939705,47.90620437043214,46.87137051808305
310,20.93511161441473,0.04007604733339498,5.0,-0.45138445096439517,0.04007604733339498,5.0,18.820537792640852,7.959597537703868,-247.19643571057537,-247.29971183737035
311,18.98294835621669,0.16579801897556923,5.0,0.07201764191705222,0.16579801897556923,5.0,35.81523572406587,30.6718675880872,-249.88551458886386,-249.0100181719926
312,24.681714024721078,9.930845819305066,1.0,-1.2953411844660352,9.930845819305066,1.0,22.00070037130557,19.62809786652437,49.373775520300796,49.13189566812202
313,12.058718661957487,5.846388341341655,2.0,1.7060917581276394,5.846388341341655,2.0,18.294237711215636,-4.893570625854954,-43.50971662992801,-43.90076172450003
314,11.800633875231112,1.2690997551851313,2.0,1.1195006808029162,1.2690997551851313,2.0,17.928207698166993,10.96419519739393,-58.04888835986194,-58.77948262400727
315,23.10197055825004,8.973021997540936,5.0,0.29691587073611253,8.973021997540936,5.0,15.390818881258237,17.357553728517537,-173.24894151373832,-173.75543388065276
316,23.007661065113204,8.803803001276922,6.0,-1.3468025487795656,8.803803001276922,6.0,30.375602689274977,43.35577502114782,-251.7918982820851,-251.28486197362156
317,18.938497914986186,5.3620041311137525,6.0,0.21066687772462028,5.3620041311137525,6.0,29.381430532188023,8.314517376521312,-240.43104268391428,-240.59742777706833
318,20.311112394767573,6.217920298607566,7.0,-1.121431046017255,6.217920298607566,7.0,33.01745936069365,12.242883168506387,-522.6207797468915,-522.7918957137169
319,8.971479304991032,2.7318719150087634,6.0,1.4623552634733608,2.7318719150087634,6.0,13.812550764437546,19.613369077661396,-303.1622646303565,-301.0237127111923
320,16.83528875741907,0.5051969637200515,3.0,0.8091947318531727,0.5051969637200515,3.0,26.567912700115173,-2.5921319331412924,-136.9486753859716,-138.02578194424427
321,15.81937921853233,5.945676088908644,1.0,0.09543903848773612,5.945676088908644,1.0,13.111609905193522,14.892303591723081,-4.6360056823230575,-2.7012258314866315
322,23.612189895204196,2.94755193202763,5.0,-2.4363756632473224,2.94755193202763,5.0,38.29025921285266,13.538157573183662,-511.0214637550881,-510.4533902843833
323,20.724405207585683,6.6362104666035195,7.0,-0.9834159786590306,6.6362104666035195,7.0,23.154131028356144,23.134144542274328,-509.429626512891,-511.13320573448163
324,18.372793074164235,8.362451768426013,7.0,0.6877611315998724,8.362451768426013,7.0,25.524865755226244,11.573821343797134,-312.61259054236626,-314.3853664027229
325,15.96545977905789,0.18160543914364058,2.0,1.2128836917231558,0.18160543914364058,2.0,9.102945316379436,23.33259294123467,-45.46697071035327,-44.46141640889404
326,13.691935930078492,5.957137746857274,2.0,1.1091698114921316,5.957137746857274,2.0,21.86969568534656,3.725094337755964,-58.184428184424604,-57.904567787661605
327,20.207613376885526,2.3128053968685225,1.0,-1.5920130022414554,2.3128053968685225,1.0,40.93398777215555,20.458459800468432,-42.01373152892125,-42.02242316823724
328,19.138097711664134,8.738884979038014,1.0,0.30155230681290407,8.738884979038014,1.0,17.614569498185563,15.668085786882353,16.333080240918672,15.078841716191882
329,11.018508088650373,2.536645065618285,4.0,1.0155152164829295,2.536645065618285,4.0,28.3299133976788,-1.3580572111351703,-206.01226761835437,-205.36068887391707
330,22.778385078608387,6.107701332354183,4.0,-1.6583355655822452,6.107701332354183,4.0,44.92486098551652,2.42218061751759,-306.92855528117025,-307.25535678938996
331,18.137570899748724,5.535408400896115,3.0,-0.007904515373236347,5.535408400896115,3.0,12.716208744654997,12.754162183744686,-125.52834516371315,-126.81531252448966
332,13.813226303189595,3.961665000592489,3.0,0.27384239830845625,3.961665000592489,3.0,33.97776551063389,11.060569444222992,-155.3073539301468,-154.58987886813856
333,17.434450467158538,6.776207635997941,6.0,-0.3007645848467349,6.776207635997941,6.0,21.42069538171874,18.809677874800737,-364.3841232500283,-364.7514194782191
334,23.274558289293516,7.257696347154338,4.0,-1.8521618554012016,7.257696347154338,4.0,30.29919135731685,21.406411661817238,-274.9468779499054,-274.21781995744516
335,18.903495698141526,5.669377953193868,6.0,-0.3256981100737287,5.669377953193868,6.0,28.288825265150933,5.966676961170334,-376.76987339777577,-376.9593848080143
336,19.32093945537526,7.584222371847541,7.0,-0.327305430255024,7.584222371847541,7.0,19.600889876486182,24.991010035820622,-418.9458899337984,-417.78880150088355
337,24.135684418531223,9.834170759929377,3.0,-0.1480724045477542,9.834170759929377,3.0,16.5148901323355,13.986005233635394,28.897057502240614,29.93985056801541
338,18.233329963086337,4.192723879008051,2.0,-0.5634714254250696,4.192723879008051,2.0,30.60511173901201,13.982518526942506,-105.5587943587478,-106.57224528628646
339,21.45699529501234,5.145830518855309,7.0,-0.4430121532414673,5.145830518855309,7.0,20.20581169495285,34.071628395359355,-192.96906320362925,-192.60406330468703
340,18.54771266751689,0.12469877941213237,5.0,-0.0397062823469779,0.12469877941213237,5.0,26.86819414065286,29.5690739272453,-236.09806817899937,-235.69190748551415
341,18.561784421916222,7.960285563103784,3.0,0.4424546049697111,7.960285563103784,3.0,31.152653854167554,2.0608160809669016,-121.67844245003651,-121.51490849829086
342,22.47369146821103,5.202300670459938,5.0,-0.3044267628566672,5.202300670459938,5.0,32.0688069374605,14.57776369080906,-149.53640948215514,-149.7824545566884
343,15.951315977418165,4.079614303605652,4.0,-0.4096489283680019,4.079614303605652,4.0,20.47951887679313,16.26642196558933,-255.39927569714365,-255.16909242629143
344,15.155615297172377,0.940719630893958,7.0,0.09235403825445808,0.940719630893958,7.0,45.808225548303625,18.93341543804729,-441.7443623339446,-442.1678295120776
345,23.541597992576165,8.896564216753973,2.0,-1.9209159258951816,8.896564216753973,2.0,36.18047301824465,2.18406910426247,-46.72412815910009,-44.50503551841848
346,15.663563323337366,3.9500724004055643,7.0,0.4770351272264581,3.9500724004055643,7.0,11.63323920256991,8.161028688539059,-502.7444995794967,-502.88723946003824
347,15.292526096536395,6.8258159820922035,7.0,-0.0005630971229588082,6.8258159820922035,7.0,4.1938502491912,23.836043778726523,-391.33784428501383,-390.51784309016165
348,15.559046613843675,1.4937415636815077,2.0,0.039693526597561826,1.4937415636815077,2.0,28.72770672507164,18.054348973157882,-94.51239897950188,-94.56594747936651
349,21.389301440019818,9.615496295410326,2.0,0.960734307594464,9.615496295410326,2.0,32.06321448255527,22.138074774552848,21.462880207206013,21.80156779968133
350,20.92385303491947,1.7844176182183091,4.0,-1.9528155300482481,1.7844176182183091,4.0,-3.503768294990614,12.218411445844454,-348.4869935519127,-348.40152473947126
351,21.21919423337843,1.9954199289949037,1.0,-1.9738338698589637,1.9954199289949037,1.0,14.716863291508023,27.69660045829809,-46.82154700726628,-46.3753094840844
352,18.920843055820914,8.589828605577138,3.0,0.27380384532351953,8.589828605577138,3.0,20.487540955799165,20.870705589291532,-88.4740242854216,-87.80750186191324
353,20.84794322920455,9.125827441419311,4.0,-0.007116855128515773,9.125827441419311,4.0,24.966934218985024,28.70537580516514,-91.3504870712685,-90.87097857466102
354,14.397097968717995,2.121474075233014,7.0,0.17017694319193222,2.121474075233014,7.0,6.325305507751613,16.80021304810832,-499.3698724213786,-500.36831600891634
355,20.22220279093894,4.6980088817482795,7.0,-0.46212707517244556,4.6980088817482795,7.0,15.370157286235912,7.5524513120033365,-295.00145463596414,-294.09988938698075
356,14.618763567715414,7.334949045628298,2.0,0.6643536742399312,7.334949045628298,2.0,22.701232814767494,13.495190766196561,-49.86382512051724,-49.07820421031904
357,19.644547901584055,8.783657338108016,7.0,0.93263884299112,8.783657338108016,7.0,38.24513012850133,27.692120827487727,-262.4802216395132,-263.02893546068333
358,14.503060455904087,3.790526950373052,1.0,0.48398229395152703,3.790526950373052,1.0,22.737107258150132,10.761390370161635,-6.398994771970002,-8.126734399634394
359,22.59789248911933,5.170194868494292,6.0,-0.26082845840458313,5.170194868494292,6.0,23.29028352715903,25.23844789167133,-176.75984260981033,-176.92135518422276
360,21.31524173928088,7.417164105197349,6.0,-2.107689387614403,7.417164105197349,6.0,34.23224756202408,26.992135785615083,-394.0318287196835,-394.0918123929746
361,16.0922151208372,7.3113597665279535,7.0,0.7692362080371281,7.3113597665279535,7.0,19.670660981533125,8.207843596898392,-377.0963432155834,-378.3127277520422
362,16.30208655876083,7.829601300260849,2.0,1.2217286662175928,7.829601300260849,2.0,23.497025811453415,10.614037551282532,-49.12327842482893,-49.40605503965089
363,14.57832829077642,5.699338186415264,7.0,0.64455841198398,5.699338186415264,7.0,12.061941103020352,11.063307890224287,-373.14969023720107,-372.45160121404126
364,18.698687410427198,1.046150968047752,1.0,-0.8796424273675065,1.046150968047752,1.0,4.958667406520902,22.86121657965236,-23.089134250428458,-22.808752035317212
365,20.091980805185248,9.039732908780401,4.0,0.6737943936677578,9.039732908780401,4.0,7.004929142434179,16.270582501332537,-97.4602644269557,-97.1805817711707
366,20.38153862803566,8.655725393210282,4.0,0.8605297079614455,8.655725393210282,4.0,28.919269056499882,20.208036176034714,-142.4767180321625,-144.13758678163143
367,17.16594194053257,7.98097435818333,3.0,1.5588162477990857,7.98097435818333,3.0,27.08687289444504,-0.6341893021197009,-107.62296386429202,-108.78527239162925
368,17.079157080574213,0.9986247716072949,1.0,-0.8761099242279576,0.9986247716072949,1.0,5.768564239841627,31.423134197232827,-14.55562848098952,-13.92721714971458
369,18.239462666355557,2.043973670814292,6.0,-0.22645458454413847,2.043973670814292,6.0,14.36768716093216,29.50317448241089,-501.5646186703825,-501.83711002832206
370,15.108482932069837,7.436003651076519,3.0,0.7472720511434552,7.436003651076519,3.0,25.435635078467413,7.697119419587252,-111.94855495989782,-110.65307111440484
371,19.162349177989014,0.23140094581946435,5.0,0.05741007143815779,0.23140094581946435,5.0,30.828931220995855,34.848682296013266,-261.15256666357567,-263.49918271265733
372,25.43678991278888,9.792246337072797,3.0,-1.1173276020512748,9.792246337072797,3.0,12.208440670869306,35.46041723904154,19.32034675278812,18.989099357902653
373,12.963690030679821,3.771446803556807,3.0,0.414616285026703,3.771446803556807,3.0,13.279391529927272,6.422056187443563,-149.8445372035958,-148.67571985986325
374,16.60293810744879,7.193125336908236,7.0,0.5786616338151667,7.193125336908236,7.0,28.327744498348075,34.27725918246465,-394.34037365117086,-395.82637578082546
375,20.344690986000693,8.875710884880434,1.0,0.08796289633100199,8.875710884880434,1.0,30.873501070808306,34.21879877395807,14.810977900776589,14.62069141074604
376,15.306178019923996,3.9462988815008226,6.0,0.21958492717994416,3.9462988815008226,6.0,30.583772967544512,12.335727976758449,-413.1419348083343,-413.9197966559781
377,16.11296529248922,3.1913248859966603,6.0,-0.25870590168573016,3.1913248859966603,6.0,4.559202941725239,32.08027404861484,-453.3497890902138,-453.3455729672921
378,13.835387349552171,6.087411288982468,3.0,1.4782789357160593,6.087411288982468,3.0,-8.574996370494574,-1.3369076802493538,-124.71999809815101,-125.04218884889413
379,19.425068894704758,5.8098937374805075,2.0,-0.9006921837126766,5.8098937374805075,2.0,11.384308041992998,17.32829589121991,-97.35567393589994,-97.24650760075467
380,17.338717453836384,4.091399776247972,1.0,-0.5873207627637789,4.091399776247972,1.0,19.974070467104085,26.17157128600848,-20.868685520066272,-19.587262103092094
381,17.7823373808675,6.017747558677085,7.0,0.010985513527525621,6.017747558677085,7.0,29.468329491066505,19.18144352361931,-472.06759206462874,-472.53947681091074
382,21.967113376674597,9.353813695664947,7.0,0.8789540277008926,9.353813695664947,7.0,22.711678125526642,24.911063970270984,-151.8313487287737,-152.37791887628237
383,23.10358090342025,4.676402566265965,2.0,-1.4973731700945367,4.676402566265965,2.0,19.615426610550728,13.473101939124657,-60.04112063881959,-62.00957550525783
384,18.717834246723044,1.9674218075063132,1.0,-1.3102967497654392,1.9674218075063132,1.0,0.9130243880851232,33.11655586608006,-33.16865436630733,-32.91083840517426
385,20.843516263700607,3.772059828830039,1.0,-2.037728507734718,3.772059828830039,1.0,25.105730121148763,29.23882217855148,-43.954530084616124,-41.41044207843234
386,14.772996589436937,3.9410698259311863,1.0,0.03269522525327079,3.9410698259311863,1.0,19.693192094736858,18.95267280967779,-8.81444274515871,-8.449187901155202
387,18.507320851381458,1.3110869302621986,6.0,-1.1183058172065439,1.3110869302621986,6.0,39.63896231123237,29.467318953589235,-468.69796434546436,-470.7600338256683
388,17.302542153229407,1.628715005545549,7.0,-0.3845501100179167,1.628715005545549,7.0,4.498319817888937,-2.530475771147234,-553.3848041701224,-554.5281989729269
389,16.484971195183913,6.845620733936773,2.0,0.661378189891708,6.845620733936773,2.0,11.040065205920904,13.309986116569187,-70.49271635119953,-70.2784579513604
390,17.064682954715114,3.394777542089027,6.0,-0.6415427207828466,3.394777542089027,6.0,16.63115345810055,24.958827495419275,-469.38830271218694,-469.8226508252601
391,24.289115698030574,9.548983918558076,2.0,0.23128202274336457,9.548983918558076,2.0,15.926951711403872,8.83319780679781,6.038647884832211,5.965790851323646
392,17.270649798239003,2.4359674535860742,3.0,-0.29933790775172203,2.4359674535860742,3.0,2.117263500309164,14.690873222075682,-210.6324157867108,-210.1442187798314
393,14.44884058753842,0.9892450510482231,5.0,0.6721143150964368,0.9892450510482231,5.0,24.822396765599656,29.193151638844594,-288.4271065158522,-288.24710925559157
394,15.993047336164203,7.535045630002579,6.0,0.4751280673480088,7.535045630002579,6.0,11.32862105011542,22.139437906091793,-299.6504405139749,-299.3187588497022
395,23.03186829205836,8.810360519178701,7.0,-0.69193369617461,8.810360519178701,7.0,22.4729326645469,41.170304257763036,-301.8875784379245,-301.0539325377001
396,15.4172299459448,2.7811335687148784,1.0,-0.16865175340045263,2.7811335687148784,1.0,29.3242987733953,20.726257485910786,-17.337672599517347,-16.311962785401782
397,11.647305581594772,2.02088101645478,2.0,1.0437433977204944,2.02088101645478,2.0,13.938087132383135,9.787219222309023,-67.53489640338294,-67.60692986187676
398,13.450502610197397,1.8576613487108717,2.0,0.393376870254097,1.8576613487108717,2.0,1.3943869195374123,3.8682001733902105,-82.35999593618607,-81.83670508383297
399,22.012875689007867,5.220123013665123,3.0,-1.3969620577511315,5.220123013665123,3.0,36.967541506206175,17.02897194676775,-69.78082531436843,-69.67784674173276
400,17.239468915811347,4.684166412467709,7.0,0.6556180611713827,4.684166412467709,7.0,26.822505587419826,7.075807665823499,-264.44895923210225,-262.66270588832305
401,19.17897873182192,2.5943983985453425,6.0,-1.0846106224362382,2.5943983985453425,6.0,20.880753528454516,13.4035621583747,-527.3331322996845,-528.268007108902
402,13.259526929434658,0.4517311698942639,3.0,1.412513069961006,0.4517311698942639,3.0,19.621371503143727,1.13761597363162,-101.20881960882748,-99.79195363186412
403,22.85587999898232,4.814913403262807,7.0,1.024098839841025,4.814913403262807,7.0,18.197589516984653,19.156463442618637,-240.1660015461997,-243.1184167978442
404,21.948232983690044,9.593323476356083,4.0,0.2898854759184008,9.593323476356083,4.0,11.498780839760544,34.43119775344198,-22.28115950941936,-20.252232457087892
405,15.29151941166512,6.525192007526632,4.0,0.1572328434361934,6.525192007526632,4.0,37.709961236844094,5.397861689394615,-202.95341028285924,-201.37853929220336
406,22.649188441742357,4.955065566286184,4.0,-0.20903225602742,4.955065566286184,4.0,5.335568696052068,39.38219888872195,-78.55327502440865,-79.16979810043884
407,15.446185479793407,1.1069207402961612,2.0,0.6785239514000281,1.1069207402961612,2.0,22.19066902860152,32.58805014415287,-82.02149798872098,-84.22742300182436
408,16.204319854962655,2.524362905495873,7.0,-0.37077816946206166,2.524362905495873,7.0,11.614893597103974,0.3931543896309684,-550.2489199237125,-550.5540500247461
409,14.728806275145695,2.9477394957454273,1.0,0.23556987063989387,2.9477394957454273,1.0,-4.340045372177871,7.1621183864223985,-11.558231949688354,-12.331802417381216
410,14.225856201506753,7.648035526072343,2.0,0.8719343665194511,7.648035526072343,2.0,10.474124697956238,9.38459988553053,-41.11192015061389,-40.205333844237074
411,20.48163373785312,8.767107972646194,2.0,-0.5618065435255897,8.767107972646194,2.0,36.70550759202443,23.770477574602403,-38.22555964177397,-36.99791673325925
412,20.757622706794166,9.016418535664384,2.0,-0.6161927399906946,9.016418535664384,2.0,12.477229940287156,2.171913454311703,-24.24787867695713,-23.2865985514441
413,22.756365561101138,9.845686082507541,1.0,-1.194365480724459,9.845686082507541,1.0,34.414870407284326,6.697680439884664,46.16638823532275,48.16345576489376
414,24.67057502989609,9.823666831045324,1.0,-1.0644727461261723,9.823666831045324,1.0,33.160513169992484,33.5801710835299,41.61360932780924,42.66251452696445
415,21.94838863552558,9.529991327679815,5.0,-1.8283953114415024,9.529991327679815,5.0,22.485327732891456,10.601067406871152,-54.94354189463057,-54.1700528538992
416,13.47318141544821,0.7182214050288438,7.0,0.7298287890155296,0.7182214050288438,7.0,-3.981172278900136,6.198180278574376,-378.1302081018791,-376.49640945337586
417,9.311415668118537,1.3779353592780519,1.0,1.8089145420827708,1.3779353592780519,1.0,2.3897374077291182,16.16875286756874,20.541063238638635,20.53291824794181
418,9.377759265514108,3.044665264760329,3.0,1.4253289434703056,3.044665264760329,3.0,11.755923042004898,-9.342517352681767,-114.59976531386114,-113.05671082123756
419,22.317574451609076,5.5289825406446145,4.0,-1.6260844886265164,5.5289825406446145,4.0,49.47518292715118,7.1574743971278565,-233.86459959380258,-234.31947906957757
420,14.404314462249085,0.969778887054793,7.0,0.7248546715562,0.969778887054793,7.0,8.659569782695227,22.596596914956002,-429.0355808780056,-428.7651594548483
421,17.793402948832128,8.457969578021425,5.0,1.4221063499235564,8.457969578021425,5.0,16.690728374334885,21.864828646472684,-188.48093437124567,-190.14599852971267
422,18.75422496331492,6.167561790773091,6.0,-0.456809980738664,6.167561790773091,6.0,31.510648491203174,9.502116370134654,-411.5941740512596,-412.25071470487245
423,20.12521461320402,5.4236440230220495,5.0,0.10144743065004946,5.4236440230220495,5.0,20.1705198387562,30.88812362982005,-230.76562768609355,-232.4062534596694
424,21.7726221269262,1.6531132336729115,3.0,-2.0078930508046704,1.6531132336729115,3.0,26.83476176389911,36.479306340417864,-254.09050443604394,-253.4351359833289
425,14.294789374403011,2.5325547440019736,2.0,0.2667361679766415,2.5325547440019736,2.0,-4.416205969845182,7.186162066065863,-92.1327818613597,-92.3331368706728
426,19.246038156481703,1.6031202498225805,7.0,-1.0635597294347174,1.6031202498225805,7.0,18.650095966345177,33.69622998318606,-601.4778700143087,-600.8839804630129
427,19.43100495631853,8.519331577947986,6.0,0.19963501791151453,8.519331577947986,6.0,13.97674390088789,12.731938947339614,-254.31698318130483,-254.02961888264525
428,20.69970878841012,5.842278600612182,1.0,-1.5612029221888803,5.842278600612182,1.0,24.04051357209787,36.60479823668693,-25.105641411956785,-24.680055341662225
429,16.06600439862506,7.351294275196334,6.0,0.5428582244775959,7.351294275196334,6.0,7.8153677564724475,23.96043115040721,-312.6340259360292,-311.83919301019847
430,10.699351692857238,2.9603286291002573,1.0,1.0245126754266898,2.9603286291002573,1.0,15.772259946602777,26.83986192447896,7.7920312894387695,9.253466842736735
431,18.226491091780076,3.7125263708827716,6.0,-0.7831798617151676,3.7125263708827716,6.0,39.100436422032985,12.142842801714856,-487.1540843283005,-486.14075083228283
432,19.06701024098366,4.0485496442653375,6.0,-1.1369225814104345,4.0485496442653375,6.0,0.9946230157685712,37.32067231341472,-486.79179061163956,-484.7185017179376
433,22.372377352023683,7.600149717440349,1.0,-2.156023042549981,7.600149717440349,1.0,25.77309371793276,28.133920342116106,-21.341421863705612,-20.095012115795384
434,18.127345645383873,7.723529876745681,4.0,-0.26641353407517704,7.723529876745681,4.0,7.217692435807628,20.82821012798542,-191.65140246783977,-191.863705713415
435,15.711934950562483,2.068135275140317,1.0,-0.5815939342816051,2.068135275140317,1.0,8.020018988051731,17.851710488360887,-19.29329303348587,-17.30375333295884
436,24.747226798015987,9.41538856738099,4.0,-1.5510194123480547,9.41538856738099,4.0,11.364857049227536,30.248686607567993,-68.3286148571796,-67.63320638744497
437,14.48328435701184,1.206553374436864,7.0,0.45301875631217164,1.206553374436864,7.0,13.941429889589593,12.888134094967992,-453.25235904709814,-454.842631540153
438,20.600217241777653,8.961220824236303,1.0,-0.44997038186464916,8.961220824236303,1.0,24.343123989504257,2.8994421026363604,15.373342549157899,16.355964307521567
439,20.13341867253392,1.003956456498093,3.0,-1.0757359586452324,1.003956456498093,3.0,20.542575653250967,15.344014790721005,-206.19717226498014,-206.8794801395015
440,16.2022219711277,2.645398111513111,7.0,-0.5545724056404471,2.645398111513111,7.0,13.345749437001949,9.450600325863952,-549.9566755851845,-550.2327141464431
441,16.156594568105245,8.46478536067957,3.0,1.0713045389296156,8.46478536067957,3.0,8.837309885540868,12.055245310654673,-75.78059183981921,-75.65110598537467
442,14.170204073162054,1.7949207234608744,1.0,0.6029369437552222,1.7949207234608744,1.0,13.567575848774622,-4.650282866651814,-8.65039179048699,-7.842640138847415
443,15.651371591278583,4.135679313099699,4.0,-0.13002606149848983,4.135679313099699,4.0,3.1009640670362995,23.318695548702614,-246.79567289147494,-246.32702084410863
444,16.019443046800298,4.498592999441263,4.0,0.6191050184648526,4.498592999441263,4.0,32.62479779495001,29.985142116320922,-180.14743274278212,-178.54155727317806
445,18.845086340180202,2.4525897302320967,5.0,-1.160911956386739,2.4525897302320967,5.0,18.79282068558242,11.608876382691117,-421.46264844578053,-423.601811867503
446,18.518060762843078,7.102452013359866,3.0,0.03237010072703053,7.102452013359866,3.0,22.822824585972683,33.183767902949555,-152.96169011590825,-152.15178223279838
447,19.38806490468528,8.513346494022038,7.0,0.14732233048647056,8.513346494022038,7.0,13.311697232034836,6.13683747750472,-307.79264405203025,-306.8952064488151
448,19.76615194958601,8.745751398555718,4.0,-0.4698365084987269,8.745751398555718,4.0,29.483302767826927,17.50738862809473,-130.89969488476154,-129.39894954619638
449,14.210051434345667,3.3932214573656094,3.0,0.43545833595741784,3.3932214573656094,3.0,31.272333222126882,1.3861322514775143,-169.05644343729705,-168.032235945671
450,21.026958041387545,5.308503942878144,7.0,-0.7804334546444512,5.308503942878144,7.0,10.520876407877324,26.664456886308265,-282.4374157032137,-283.3663015279361
451,15.061137393337683,2.484064038656515,7.0,0.5098207077761179,2.484064038656515,7.0,0.2905200285700893,14.60428291849566,-518.2072056646319,-521.2490690720792
452,13.032615274789729,2.4479650155014543,4.0,0.5518587715312919,2.4479650155014543,4.0,11.797870539543961,25.319857738907327,-236.8666942879978,-236.45412360384606
453,22.49667996394063,1.6125406285192412,1.0,-2.917159880697066,1.6125406285192412,1.0,13.345148561855032,21.612232907600344,-52.497567874132116,-50.23653013627053
454,21.710203723676443,9.400190108075147,5.0,1.1903057035101177,9.400190108075147,5.0,28.07629271436013,29.719254653779913,-83.17870724198467,-81.4201554197926
455,27.014553810870567,8.879888286055799,4.0,-3.047632565352754,8.879888286055799,4.0,20.054627480286058,26.811052753125953,-170.71531432564115,-171.47620887024584
456,21.216752233985698,7.773587133276923,2.0,-0.6160490255561253,7.773587133276923,2.0,40.20181597192317,9.48436209583257,-82.27125447331146,-82.78523412424732
457,22.003447077744916,5.17661521287729,5.0,1.025348034257755,5.17661521287729,5.0,42.18702426701009,40.15984951147131,-135.56044189407282,-135.91188004763683
458,21.061119329207624,4.906079155118719,6.0,-0.31728672525244067,4.906079155118719,6.0,14.733562380298276,34.085321777683504,-145.23020586956562,-144.91204237058753
459,23.555258579639204,5.297456661824979,1.0,-1.466185982469542,5.297456661824979,1.0,0.7334598205493883,23.154102271095148,2.126008680819151,1.3277025022592142
460,20.93187652904897,5.3656801357708925,6.0,-1.0937370617166706,5.3656801357708925,6.0,32.014123700929815,16.001803252663635,-267.7196755537033,-267.63847659274666
461,14.07160868559815,4.345630846976904,1.0,1.0269057463206197,4.345630846976904,1.0,14.500297027537728,27.52436802273559,5.027847093672113,5.189474563856464
462,20.358326393464374,1.3175483289206746,6.0,-1.9215045305486382,1.3175483289206746,6.0,47.978664272107395,27.296859613155437,-511.2594099198685,-509.66890121572385
463,11.579834916874086,1.2566385286853599,3.0,1.1289911009620173,1.2566385286853599,3.0,4.661226392278948,18.72247197686201,-123.21887473947619,-123.47327523441594
464,22.25912703312673,9.522497158456833,1.0,-0.05510209904228934,9.522497158456833,1.0,15.592666808550781,20.286656854798387,32.53804208733614,32.86532820246205
465,23.58795962175491,4.820307595863506,7.0,-1.1923953304424335,4.820307595863506,7.0,41.935096798734826,21.704161648988944,-246.4972175204506,-247.71583534467177
466,24.139476433946168,9.53205524905189,2.0,-0.5831150723026911,9.53205524905189,2.0,33.739078307085286,16.324875263496896,5.874183415560452,4.789598357973723
467,18.84102353270421,1.6357687771010998,5.0,-1.0172243411016413,1.6357687771010998,5.0,20.894929231769826,18.682134962631974,-406.84337856809486,-405.75050636282833
468,14.838239926039185,5.544165520399336,2.0,0.8662252008585286,5.544165520399336,2.0,19.264419532658014,20.88225424609966,-44.80917755094005,-42.89189397558228
469,12.217222429355195,2.0771725335153923,7.0,0.7324278097628383,2.0771725335153923,7.0,20.092806728889695,31.845669671009688,-444.8844648013153,-444.0743276283176
470,19.937544465045523,2.531846061266015,6.0,-1.7191611338760466,2.531846061266015,6.0,21.95026164129994,17.900364506787245,-546.4877180443067,-545.1999071261168
471,19.86136484861994,0.30054578761178785,6.0,-0.4035921185193341,0.30054578761178785,6.0,30.65486074877455,14.718996997431685,-353.24440738406435,-354.3333124866602
472,19.64090376825865,1.1895331074021132,4.0,-0.8631856623442771,1.1895331074021132,4.0,-3.2259938132784427,21.96554496331116,-301.11707433482724,-302.0104098652366
473,21.076535702692752,9.168484076291957,4.0,1.2935099684593703,9.168484076291957,4.0,33.44366936805687,27.781862752093488,-84.85008406526023,-86.330198120327
474,18.761973400420178,3.215329914823317,5.0,-1.350099118126421,3.215329914823317,5.0,36.36673121716389,11.567366207524362,-415.4546370834648,-415.42039502989974
475,9.550184801836364,6.081292119145916,6.0,1.604229104685014,6.081292119145916,6.0,6.473061179551015,14.30869145684406,-244.10698869380843,-242.91791797105503
476,17.761887186992546,4.65014131989273,6.0,-0.033294739516937566,4.65014131989273,6.0,22.784912437322795,21.39149516150078,-242.5564581789865,-242.71197369737627
477,20.61729298083153,4.004512452452783,1.0,-1.1619344063800876,4.004512452452783,1.0,19.79036891953571,9.462331384535458,-36.80177135711245,-37.91938065521619
478,20.8719522650402,5.318860913460681,5.0,-0.6772741840092779,5.318860913460681,5.0,26.118358551149115,32.61741890023333,-189.5544111778136,-189.41276087251293
479,16.980180560559766,1.8723894461534152,1.0,-0.8016188407684506,1.8723894461534152,1.0,5.767087489342776,11.157196892617444,-22.265390970822217,-23.17213859818338
480,26.43044104167978,9.886038985195766,3.0,-1.274618402015506,9.886038985195766,3.0,32.30023930163297,30.174905258301735,34.617534953571294,33.69645523601253
481,20.009915921379022,8.18307868703863,6.0,0.09482685973037566,8.18307868703863,6.0,-1.9051814751197398,33.7656102616935,-303.585905869481,-303.9549191469631
482,20.76582414938841,7.416146327315153,2.0,-1.2279155506918433,7.416146327315153,2.0,11.31912251650832,12.48986015907046,-90.11616371688726,-89.40281185186424
483,23.305951411271693,4.687592970139525,6.0,-2.1803662087381888,4.687592970139525,6.0,45.81350312888515,2.672365290512939,-287.64250177987606,-288.1046381413846
484,16.455917992129685,1.5287712212633597,4.0,-0.3796764708481731,1.5287712212633597,4.0,16.308056343691792,13.86154084800566,-271.6305333863851,-272.6357999749794
485,23.892535396342915,9.206658582735677,2.0,-1.8028561964178826,9.206658582735677,2.0,25.563182676752348,30.191527387148515,-23.28501176098226,-23.3547831854232
486,19.191072789122092,3.4138706738172764,3.0,-0.7521608680675204,3.4138706738172764,3.0,20.76514204836071,11.55315851744501,-225.09452936064815,-227.02724115750786
487,20.123700409311525,0.5010668969693377,4.0,-0.9091028886033559,0.5010668969693377,4.0,39.64326580890561,28.41457486810919,-247.10107289994198,-245.606223548536
488,18.71267838288879,3.4240367681062867,6.0,-0.8712160720258142,3.4240367681062867,6.0,20.733372027084013,6.190925077586829,-504.6797065728609,-504.9946970580712
489,15.36471748970317,7.944570304958844,5.0,2.0009631015901537,7.944570304958844,5.0,-7.711928548848222,16.740917387869096,-204.18116964590112,-204.73108148799128
490,15.44909315317821,6.227087449882082,7.0,0.05641156716957076,6.227087449882082,7.0,9.649769030108036,20.581511889141968,-420.61458991414685,-419.40015631872154
491,18.075150179536095,7.508385847448596,7.0,0.24537100899533215,7.508385847448596,7.0,10.344209415447546,31.601237328272347,-398.7595037112356,-401.20141887545685
492,22.056427825177238,7.936353838623774,6.0,-1.7763982963422946,7.936353838623774,6.0,28.22034545889325,27.95728909971554,-360.7156439033564,-360.51103502457374
493,14.632604791573971,2.119546110805426,5.0,-0.6539631336369219,2.119546110805426,5.0,1.438795204271175,6.654621161074695,-343.0565226494655,-341.44536984546505
494,19.407919859765897,9.237833160931801,3.0,0.21530262994151197,9.237833160931801,3.0,-0.8181670424810115,5.999430176132307,-34.902682409987314,-33.86108148876376
495,18.6600481174324,4.379896029203726,3.0,-1.0245289129130064,4.379896029203726,3.0,26.16833219081725,31.49163999334872,-171.19045904334638,-168.9469126609752
496,14.945666453427581,6.390136492641646,1.0,0.9080628435179854,6.390136492641646,1.0,23.475916018434397,29.679366808689778,2.14724697772957,2.539700290302953
497,21.608585284330115,0.023087725867420028,3.0,-1.2026965859010301,0.023087725867420028,3.0,39.110482685126016,42.0137757360293,-127.243919531823,-128.1523301060491
498,25.08050173780747,9.93368498411178,7.0,-0.2863661358651756,9.93368498411178,7.0,14.198906856599795,49.43374319770777,39.98749649338791,40.43999579476408
499,18.836729431358236,2.808963859641551,3.0,-0.5860516399755586,2.808963859641551,3.0,-3.4384298273022296,33.00345561442109,-228.21001541287677,-228.4676602066691
500,15.346167391896117,0.6206310654015523,1.0,0.16432065938191598,0.6206310654015523,1.0,17.398905298403655,14.387768753609823,2.6455203796894025,2.145982718990851
501,20.048166312378225,4.58262041536514,5.0,-0.640490071855426,4.58262041536514,5.0,6.766570402141422,-2.6573941349552292,-252.5085361164333,-253.65551379809963
502,16.81515985128215,1.2903005718204175,7.0,-0.27089362707093734,1.2903005718204175,7.0,23.014597607035682,11.684319698011588,-516.9171025540285,-517.5170471978414
503,15.396383082792568,1.523267101575757,7.0,-0.23613009177798555,1.523267101575757,7.0,26.85891459592892,-1.5741228481555183,-501.9108415624892,-501.14856183123993
504,18.858151960788256,6.322828130302102,2.0,-0.734387757391301,6.322828130302102,2.0,27.122216617064034,38.01971215496562,-95.09427378511548,-94.90104913179489
505,12.284785684133388,3.929273915702333,4.0,0.48509386849711267,3.929273915702333,4.0,19.474135012263325,17.051777471700248,-210.36395319710206,-208.8675642348837
506,22.845598554611655,9.21852450154995,4.0,0.23838837483742528,9.21852450154995,4.0,32.99378581759451,44.44883111695712,-90.45278093154587,-90.2962352481027
507,14.635027184566725,3.1915649460807005,2.0,-0.0886139452531673,3.1915649460807005,2.0,23.039253921434288,28.28456268167956,-94.38904707539733,-93.14374858812567
508,20.709290642621458,7.261801283839011,2.0,-0.4304583334619581,7.261801283839011,2.0,10.909902704010541,33.214760850649895,-92.05262945646024,-92.53307872165257
509,17.427948219254453,4.610994301549076,2.0,0.796544030519997,4.610994301549076,2.0,4.596669523174267,24.307594276708905,-44.70685161142952,-43.7945197857088
510,18.680329422058723,6.599513011292788,7.0,-0.23583424381418136,6.599513011292788,7.0,32.7530255054686,31.080868142204004,-471.8685624903997,-471.0283809164132
511,17.513766692534446,5.996953567159904,6.0,-0.3066972878259372,5.996953567159904,6.0,3.5249159078490546,9.69379417318508,-390.45629323497707,-390.6196500861465
512,20.10339161944903,4.727839727589982,6.0,0.10469002988812601,4.727839727589982,6.0,11.770099240090895,25.181311472266668,-223.09850716022243,-223.28630097676145
513,20.97684641208814,9.500610946244372,6.0,1.6965866829708507,9.500610946244372,6.0,44.38028429300411,33.83765733559662,-76.87147796579035,-78.05239303455087
514,19.65213891027305,3.4271364275495584,7.0,-1.340356208021204,3.4271364275495584,7.0,32.03229631620324,24.24034807413125,-623.5573367032327,-623.0381006625969
515,12.938663400161953,1.7723550124927256,1.0,0.7698568930553547,1.7723550124927256,1.0,6.120698599059868,36.3283083501052,-0.7871448306904478,-1.2025748105867748
516,21.326616742947905,6.780940608798282,7.0,-1.893171161238105,6.780940608798282,7.0,24.89163830061984,25.187706525502662,-515.1715629874637,-515.0502507707411
517,18.986662268418527,8.460075613079088,1.0,0.21727315822862395,8.460075613079088,1.0,25.10199433505265,8.385170533840098,8.692573973645146,8.974925957944485
518,13.271088620928582,0.4025373993992376,4.0,1.5750828276087308,0.4025373993992376,4.0,-0.6768050332515614,19.661598498157858,-152.42529201824638,-152.76485438196508
519,19.01222234581811,4.496326884226805,5.0,0.48866852446730713,4.496326884226805,5.0,17.866875811009844,8.025887640112877,-280.8004744655858,-282.6216746699611
520,20.395258133778167,8.924876896873263,3.0,0.1706250785397928,8.924876896873263,3.0,22.15226356783794,21.399815195453755,-70.40155676930102,-70.64023771026717
521,20.760210936634106,7.496186189228675,2.0,-0.5604494688030756,7.496186189228675,2.0,18.96250568295028,20.654166486767842,-86.8554737462763,-87.40669934333724
522,24.603509805528667,9.918077164976282,2.0,0.03104720048855424,9.918077164976282,2.0,32.90183119564024,47.746608799638594,45.79918152765687,46.20662284968675
523,20.89166851958891,5.314138115972438,6.0,-0.2520628154033563,5.314138115972438,6.0,19.027054642697493,29.176603590500157,-237.43673200220383,-236.38186620048782
524,17.793553407707506,6.599957188011513,3.0,-0.7859766079313554,6.599957188011513,3.0,7.6068916346207605,28.861788784475678,-158.57937529964238,-157.2207479941753
525,15.489451396228532,3.0248028113792813,3.0,-0.28987561547486984,3.0248028113792813,3.0,5.148717740470891,28.796802101960903,-187.47442875300348,-186.71221814002564
526,22.75497371546758,9.475355996659923,7.0,0.19838116062643954,9.475355996659923,7.0,9.839474850077492,7.354119618118117,-122.41175947886303,-121.5436387148574
527,19.318041472735484,3.6633548855653633,2.0,-0.7672170685306403,3.6633548855653633,2.0,14.065327738454876,19.92623102407045,-128.3292138927018,-129.50320113906687
528,19.923920438641073,7.385107126866286,7.0,-0.8062818206846841,7.385107126866286,7.0,25.58665143436044,26.140998364066263,-444.58665629103047,-445.7339578132878
529,21.22852530782911,4.03140204119082,7.0,-1.3602434375921744,4.03140204119082,7.0,34.94000477397445,25.159265792082575,-629.8023742344161,-629.7078292803933
530,17.359862603467576,5.618189300629993,5.0,0.3907250260888961,5.618189300629993,5.0,30.656467976599988,12.87610574893459,-268.24670240305846,-268.8125344419999
531,17.825576629733902,7.197825350215462,2.0,0.5453232619670604,7.197825350215462,2.0,-4.72615648692576,12.221318494728612,-73.8957929049769,-73.81392705754004
532,21.563943303105393,5.089341517513542,2.0,0.23166044423651747,5.089341517513542,2.0,28.2343730776052,34.35639954922199,-9.388738797040661,-9.095147342177718
533,22.35287785782252,9.070863269095085,2.0,0.9651704927286658,9.070863269095085,2.0,19.117002927159746,30.667003229930472,-26.310553050107778,-26.907821452881905
534,15.213427559811336,4.193009879278103,5.0,0.08786763708072752,4.193009879278103,5.0,28.216537262054587,6.365982573621654,-309.883700860002,-310.16225968066544
535,15.109329033508711,6.470717981433252,2.0,0.3920109373657567,6.470717981433252,2.0,1.9162065783162987,10.661335735310557,-66.27348121047638,-65.30240249104176
536,12.905139966044825,3.423624333000541,4.0,0.30383742563756283,3.423624333000541,4.0,6.558115051150514,20.254929824850475,-227.39184670370324,-227.66294389713175
537,18.27752501781956,4.081566682310131,1.0,-0.09154001941820787,4.081566682310131,1.0,19.57025106305022,27.8025260815603,-23.625059663983976,-24.57777156753398
538,19.28977232344393,4.4005010823355235,4.0,-0.5308218281296473,4.4005010823355235,4.0,16.487836862996833,-1.8070010918283153,-248.55645397504122,-248.40360444644844
539,8.528794740412673,1.2580701831228525,1.0,2.214152615791911,1.2580701831228525,1.0,2.4434399592873888,4.179580874721172,24.345887048984366,25.59834161156215
540,18.884212155294158,0.9172367905900669,5.0,-0.4519509798535085,0.9172367905900669,5.0,6.725226566843354,5.122831718305658,-354.355278331717,-355.1990712184223
541,19.528500731019086,6.674899231467579,1.0,-0.6658777111204364,6.674899231467579,1.0,6.560194737322556,19.07021803757364,-15.85653705967155,-16.97566503049363
542,17.799586353543443,6.5551773834305225,2.0,0.43400982345010697,6.5551773834305225,2.0,24.865878939355806,18.90969317840387,-82.7925231198176,-84.01229000706061
543,14.83262878763728,6.629097142100953,2.0,0.25185441529500513,6.629097142100953,2.0,3.5945380536851346,7.144730065988679,-60.1456638497622,-61.310632531304186
544,21.24504372917801,0.19766445342691674,6.0,-1.4047915476103274,0.19766445342691674,6.0,10.284504639823425,24.589999667866298,-351.4848623884228,-352.5904145901173
545,10.863700127090182,3.265468426717799,1.0,1.1226782545637386,3.265468426717799,1.0,10.640490556662819,4.854210487862368,8.575914818665565,9.073502367250956
546,13.360420027772497,1.9780984725919692,4.0,-0.09419457535083331,1.9780984725919692,4.0,25.214321733831795,28.781233149827827,-238.80834625243216,-237.54608507745056
547,21.820937069676194,7.781514225440124,5.0,-1.1109310952157205,7.781514225440124,5.0,27.41981095764807,22.720548027428222,-299.76276576794123,-300.6996986614796
548,17.54610977190067,8.606304013961301,4.0,1.188784114353874,8.606304013961301,4.0,7.035574721009203,31.194581721727765,-124.91234599496433,-124.0514018179554
549,13.523366735316712,2.466803772261473,5.0,0.625675571596154,2.466803772261473,5.0,20.331087593905167,0.004542538806402874,-321.96222612531034,-323.3420770293975
550,22.781949106423248,6.678491588479863,6.0,-1.2645419919479142,6.678491588479863,6.0,18.86724976483441,23.075716254155225,-462.9078012600241,-464.40084246512714
551,9.779019295122794,1.2936280345827444,3.0,1.7771828402577243,1.2936280345827444,3.0,22.174588270582127,5.084648261845925,-104.1836943645025,-104.22917245041907
552,12.268835452298276,2.7515252560171333,6.0,0.6587973683661927,2.7515252560171333,6.0,0.40123304013603445,28.031592440087707,-373.69386452114895,-374.0782073573328
553,15.687621248937972,1.3865449623341952,3.0,-0.010196115625046132,1.3865449623341952,3.0,27.19251253817436,19.344996010115047,-172.91113636928267,-174.46248289954127
554,10.565246168371859,2.835207665992292,7.0,1.5902188056217794,2.835207665992292,7.0,16.80775005730615,9.329754158062222,-404.14784270769536,-404.7895180620944
555,16.15769033546417,6.7473654734927795,4.0,0.15929778382964058,6.7473654734927795,4.0,10.54437323381866,24.995241657230643,-206.7708217023184,-206.38956935683547
556,20.70045029620289,9.103269101852526,6.0,-0.02808307510403198,9.103269101852526,6.0,26.63984086963174,19.144411233731276,-167.79294490987496,-168.78405363229433
557,18.2568124296078,2.02522407924186,7.0,-0.660300116021989,2.02522407924186,7.0,31.5831565598863,31.588215646139982,-594.5891608255183,-595.9556787003295
558,18.463036319844143,5.420790349507191,6.0,0.5818504393070786,5.420790349507191,6.0,22.746964887362914,-1.4752529715068725,-266.7421643809079,-266.653507346952
559,14.116408885657883,7.013911012434323,6.0,0.4766029673239799,7.013911012434323,6.0,-5.191348858894276,18.086577962164757,-297.12985156348657,-296.1119790282783
560,21.690183986924296,9.529224684855658,4.0,0.014680139889711287,9.529224684855658,4.0,10.96200866240509,27.29301787957121,-31.469358752778863,-31.02586768966198
561,20.403238428099904,6.100604828871738,1.0,-0.789986353867603,6.100604828871738,1.0,9.726779726714375,26.30172694179968,-23.63289311343616,-24.696850246795734
562,14.854391276622094,2.5510693102738067,4.0,0.12992985416607386,2.5510693102738067,4.0,13.407901990435692,22.43124779577332,-265.7094887250079,-264.7356029328638
563,16.217549958722543,6.254781569139363,2.0,-0.06979878576213788,6.254781569139363,2.0,28.162301728215684,31.22015544959429,-77.67214728518566,-75.9552184643644
564,19.2893907113114,3.2049116167801617,7.0,-1.333474318734201,3.2049116167801617,7.0,24.933913853860503,27.689000704610685,-621.0202457293584,-620.166538598622
565,24.501792889370705,9.761283906917077,2.0,-1.4718123513241856,9.761283906917077,2.0,29.371016305039035,47.00001661321432,27.07387866457609,27.902748327830523
566,14.464222439879318,3.9967613516363687,2.0,0.5651533788097695,3.9967613516363687,2.0,0.3536395291737371,19.526182882916963,-83.80924697695248,-83.6195457054259
567,22.610732814347486,6.854277207610142,2.0,-2.601888315051689,6.854277207610142,2.0,30.894927610793665,26.448595603275777,-114.25723839674369,-114.12778223941658
568,17.007178662559223,0.2322758234675848,5.0,0.20541052696125997,0.2322758234675848,5.0,5.873486322994621,23.0852354132856,-235.87153862731836,-235.30476711716602
569,17.304353345452633,4.000614461347554,4.0,-0.4780830577538245,4.000614461347554,4.0,19.493464578392224,16.685481035913558,-279.4008005543356,-279.70736114887234
570,18.050707720364272,8.751076133225116,7.0,1.3082466068799101,8.751076133225116,7.0,18.740034840680266,12.788991290881517,-249.38616196460515,-248.2759668193209
571,18.656027473024956,6.102274444332458,3.0,-0.49346820915387574,6.102274444332458,3.0,19.26624468277295,9.078991768080227,-174.62250799038307,-174.50864370651288
572,14.465339942228793,4.439428863959764,2.0,0.659484214251896,4.439428863959764,2.0,35.32762107465925,38.360790123161784,-53.4553287696466,-53.34915512460488
573,22.95118490375941,9.359374994357259,1.0,-0.3969138412377916,9.359374994357259,1.0,31.87924013406265,14.45921752597424,24.33578188703593,23.64197360607516
574,20.584441550922946,8.53984376147229,1.0,0.11374815348614345,8.53984376147229,1.0,18.04502642866175,27.034410271968383,4.656124872972674,4.737832405412007
575,13.072070228946124,3.2221567382293825,3.0,0.7368365309200512,3.2221567382293825,3.0,25.048643330762467,18.489879281248562,-155.71508272080115,-156.0984957278169
576,20.047611172711537,5.445484020413396,7.0,-0.46255571632458015,5.445484020413396,7.0,35.61336521335867,13.919702019055425,-360.16496304973487,-362.1387770197882
577,20.50192835153987,4.898242560924627,4.0,0.996554884498404,4.898242560924627,4.0,14.252400563691605,17.653186740805072,-75.4580112296551,-75.39482917458272
578,18.70083926324396,6.322025001148623,7.0,-0.9936978771064832,6.322025001148623,7.0,30.44686923077336,20.03881955542931,-485.6011669964434,-484.58342391512656
579,14.034426858611267,3.341112669587556,1.0,0.2945928425583791,3.341112669587556,1.0,8.007346585316242,14.760237924683349,-7.725192248366274,-7.538710308736466
580,13.044793731786799,2.4420500076588825,1.0,0.9226397227878528,2.4420500076588825,1.0,32.320370164519574,8.193991444800059,-3.015107995013474,-3.724788638219284
581,20.45985772588824,9.126718352555361,6.0,0.6600374917903349,9.126718352555361,6.0,18.017448098117598,18.861607390747068,-161.87263205954883,-161.6822021483218
582,18.819057728678573,9.238744994985064,1.0,1.9164448767354103,9.238744994985064,1.0,31.08166026036816,28.990121678466732,30.874405155455243,31.346461117443354
583,20.36958278071537,8.43322885761979,1.0,-0.7634393173106605,8.43322885761979,1.0,14.653621658916808,25.94643278416164,1.5736855070814435,3.069870646622718
584,24.71386943522933,9.782044307645613,3.0,-1.379149251348588,9.782044307645613,3.0,37.55784170156123,2.0988891859737215,18.549918262386814,19.283155559630366
585,19.833080202468327,7.449915257796885,7.0,-0.9943351084951194,7.449915257796885,7.0,28.386622542268725,23.807072909102516,-439.07579899383325,-438.75971388625874
586,17.040279149855706,7.646672285619997,5.0,0.660442566548437,7.646672285619997,5.0,15.123864399302214,6.91721662480794,-245.90480420803667,-246.00432958909693
587,17.420488090830847,7.625900919626407,1.0,0.4979229342693786,7.625900919626407,1.0,5.088548322237525,17.737907122150546,1.4151194125017397,1.644031827506275
588,21.79990942817584,4.806076309423065,6.0,0.10225665964741577,4.806076309423065,6.0,33.47111031004782,14.236061221083535,-194.80072801776853,-195.09192134561368
589,22.387355356161034,4.564521945142717,6.0,-1.12295704910713,4.564521945142717,6.0,20.912858417760496,49.75446824882293,-361.8651330453541,-362.62975319628356
590,13.309985019418573,2.4022627614900314,6.0,0.7668672933290608,2.4022627614900314,6.0,13.211506747631354,8.388263947289458,-396.3652351265368,-397.6334191365409
591,19.28090490882962,6.448191943592905,7.0,-1.2247047776505404,6.448191943592905,7.0,35.23227725539436,17.853898790285566,-491.5493896749528,-490.9963502598195
592,10.140323741726407,2.8932013610233454,2.0,1.1589495823768998,2.8932013610233454,2.0,18.012737642007345,-9.03478011817708,-55.55611119039128,-55.44997748162322
593,5.186441861246873,2.5780840970235444,7.0,2.857438423139865,2.5780840970235444,7.0,11.53857932729304,-3.2441800050054113,-269.09565289150686,-268.58872753353785
594,15.384748026603578,5.8596137409605475,3.0,0.3664511465715505,5.8596137409605475,3.0,10.469517183288477,13.561668539665096,-137.8049825774234,-138.07484432883643
595,12.755406831605546,4.099823882250432,6.0,0.5831081356577431,4.099823882250432,6.0,6.639277842109277,26.221880704136254,-348.95299550775957,-348.70922412698286
596,16.149273965455553,2.188566087946322,5.0,-0.4928597688955594,2.188566087946322,5.0,12.638308079619659,3.4041546507144886,-370.2973786335124,-370.8263522562081
597,22.103940173878737,8.160560167528311,6.0,-1.8102133210868163,8.160560167528311,6.0,12.865526302425089,-0.02392164573238631,-335.86995971535185,-336.2505781336151
598,20.215774638145625,8.60569919294376,5.0,-0.6027193630302223,8.60569919294376,5.0,35.94866704699878,15.014705160675677,-199.42350623605248,-199.5974423716998
599,18.47056726828411,1.6769951967778096,5.0,-1.0928952410987494,1.6769951967778096,5.0,14.04004112047356,35.19170019971424,-400.99189211125116,-400.7487653921014
600,23.03521896221874,0.07507032799999869,5.0,-1.4470045764150157,0.07507032799999869,5.0,22.8995755662214,16.956589858951226,-279.582223689044,-280.383572707207
601,9.5981664603247,3.361299685293737,6.0,1.7223599419956492,3.361299685293737,6.0,14.22908996214547,-8.75001159014157,-306.6497581809859,-307.6704029508011
602,20.455353431440717,7.975108356807525,6.0,0.272862518025773,7.975108356807525,6.0,22.1126482578453,34.06570249459279,-331.98582680622485,-332.65701820198797
603,18.81493619771084,8.391738662343244,1.0,0.37968758061398367,8.391738662343244,1.0,4.091728577640385,19.256692708956923,7.724084586252496,8.183047593529906
604,16.225274353722426,1.3832907011604922,6.0,-0.30902236519624954,1.3832907011604922,6.0,8.396114525715404,23.570329960780363,-428.56862972827713,-428.58072104097766
605,18.607683006765097,7.743359011830512,4.0,-0.17287108244343635,7.743359011830512,4.0,5.9869209178974145,22.000636759683385,-195.75604966841186,-196.11775887118492
606,13.197994351064347,1.1570416730942945,3.0,0.9645506822393334,1.1570416730942945,3.0,-1.622415337397845,18.355046941927746,-138.6570991856529,-138.07164801108817
607,15.941391294112913,3.9006259015652924,4.0,-0.03233711869521544,3.9006259015652924,4.0,43.47501918684737,5.4386313271775215,-263.68675289969843,-263.839633599116
608,27.27963480660209,9.986095150119159,7.0,0.5306939380247327,9.986095150119159,7.0,32.497884417544405,37.37290782640132,61.39597672972024,60.43902639319745
609,14.85343092901009,1.9259082323090981,7.0,-0.19600429784501586,1.9259082323090981,7.0,25.55424626502615,7.569592061059376,-509.1443229129055,-506.8031738238056
610,17.316350732838487,1.5396358257762643,6.0,-0.3421528907320472,1.5396358257762643,6.0,9.34672081952949,29.345780664436752,-461.1849670900472,-461.42431614591965
611,20.4781375520364,4.228003325467935,4.0,-1.406914165601862,4.228003325467935,4.0,35.979492513579316,27.36524636778036,-302.9271979225086,-302.89483198160053
612,20.620450487271953,6.196685259698614,6.0,-1.977749062367128,6.196685259698614,6.0,37.513702420922044,44.00793918938474,-446.91056178899896,-445.98619515718156
613,23.132119117065326,9.329007824132532,3.0,-0.2615619010664018,9.329007824132532,3.0,15.446254935067744,29.51798594827504,-40.42449351916884,-42.03606064158115
614,25.48287928582558,9.808211455330342,5.0,0.05649669199323269,9.808211455330342,5.0,22.744046122527525,43.00126448173103,3.064647759710178,3.483748191694808
615,19.485717842167933,0.6964063659139463,5.0,-1.286130036708791,0.6964063659139463,5.0,29.927041439172264,18.995829902832558,-340.7224672292091,-339.57973493212313
616,15.645001344506062,1.3799751734790533,2.0,-0.03447486503463288,1.3799751734790533,2.0,7.2344529457226745,26.9680957301194,-95.20081326425702,-92.93411840930752
617,16.616381830891026,7.907379738959939,2.0,0.053752562990502024,7.907379738959939,2.0,12.700359889106995,18.006552827678934,-50.578235966872256,-49.29907278585828
618,20.899914191462464,2.7063215227086044,1.0,-2.156008006059379,2.7063215227086044,1.0,25.294141132109633,10.076873287570573,-46.795708903968944,-45.823668305410095
619,22.922604059660937,8.848490595063605,1.0,-0.9151246594795012,8.848490595063605,1.0,14.25734346804607,26.51837631155624,4.883053094729931,4.800691495977027
620,15.506874002748116,6.634532572290867,4.0,0.4072638937354685,6.634532572290867,4.0,16.614774424938926,18.034079112699523,-200.58449110041192,-201.3105595625975
621,13.66346139332575,1.1184480238067718,4.0,0.3870587293957439,1.1184480238067718,4.0,10.757201550475672,23.73398137915422,-212.95759692579202,-213.14851207560883
622,21.67089944125322,8.325292849240071,2.0,-1.1536749163997606,8.325292849240071,2.0,5.708406952650581,30.166180219122353,-65.24304637257993,-65.42520245588007
623,14.112923221997722,1.7635638000807585,3.0,0.15844805049973495,1.7635638000807585,3.0,14.800502659483808,23.10296764903255,-166.1926572233402,-165.61049068828504
624,12.625107162399413,4.234953946796538,5.0,1.0224072253604721,4.234953946796538,5.0,17.192782364670258,27.46097525845393,-259.38510787250647,-260.0384033653004
625,17.344843337144948,5.5218492855933,2.0,0.7770729589908982,5.5218492855933,2.0,11.916955654026161,17.815975319062808,-55.88406592008433,-56.236618124379525
626,20.936639458903045,5.007661490802783,3.0,-0.09528578701393456,5.007661490802783,3.0,-2.066348354794467,20.221747426850214,-35.87407141091315,-34.584562090586914
627,17.54267865808606,6.861629156151504,3.0,-0.4679763133242924,6.861629156151504,3.0,9.117728119364191,6.608504127272447,-150.83565119124182,-148.89665363098783
628,18.80942032669409,6.526867348692552,4.0,-0.6293444843345044,6.526867348692552,4.0,15.82905893359227,24.093413906361683,-246.3382088596875,-246.03305929299
629,25.75411755892861,9.920420055280548,3.0,0.4678197829096571,9.920420055280548,3.0,23.794276858944492,27.996984221359714,42.97085478687051,41.83260934822115
630,26.46999385735397,9.994219092241877,6.0,0.19510397314288802,9.994219092241877,6.0,22.34248985303894,29.368152020648065,65.52799093692452,62.93737044833715
631,20.07954084596981,5.16459402635641,3.0,0.6294040061022004,5.16459402635641,3.0,18.232378408886785,16.331507924795698,-46.24108304003216,-45.961908304787386
632,16.80935152758871,0.9519908696086399,4.0,0.13187381312115198,0.9519908696086399,4.0,26.48156010630546,23.293410631953854,-246.36238830076093,-246.16825946520004
633,14.842766866303812,7.278432989687183,3.0,0.8187639503474419,7.278432989687183,3.0,18.381897711737043,20.273697401114248,-114.03225472556342,-112.61397360585336
634,25.81774480691577,9.766640782165892,2.0,0.09459253295770016,9.766640782165892,2.0,41.54954694384503,41.05267456336817,26.411078172557314,25.01996653716006
635,11.274449008226481,3.1832638762902032,5.0,0.7846887161316864,3.1832638762902032,5.0,10.695480868361027,14.367658247135534,-278.54783490578495,-276.4527470637845
636,18.65663496419596,4.6120888583757385,2.0,0.8708227703666389,4.6120888583757385,2.0,24.96216086488273,7.714657687644742,-49.76543997265671,-50.90629221671753
637,17.885776655749922,4.247769248154559,3.0,-0.8045266302248135,4.247769248154559,3.0,29.687207374395605,28.684533201899864,-181.46023573567155,-181.84015170625526
638,23.97705536314912,0.5141915455692936,6.0,-1.808144046870746,0.5141915455692936,6.0,31.22137498898369,40.49604001983356,-465.8983535074479,-467.28280582449406
639,13.659637988838515,6.722644312234448,7.0,1.5434928560145533,6.722644312234448,7.0,6.802162853582127,10.21685462118089,-362.14246418213486,-362.24789195842453
640,13.31016914661052,3.533376950684678,5.0,0.2566587307122617,3.533376950684678,5.0,4.310504743026991,2.9595435551997973,-308.63861812081313,-308.61986281371117
641,21.652906619109416,7.874638746315022,7.0,-1.7144858954961215,7.874638746315022,7.0,14.12470314574077,26.3507675412768,-430.30898612544814,-430.19590385755555
642,21.36840478514307,8.32120075281986,6.0,-0.7138194972187111,8.32120075281986,6.0,23.073735701238842,33.39331291243266,-306.30310720785496,-306.0198227961252
643,18.499071604143253,8.212307865978454,4.0,0.7718742923698284,8.212307865978454,4.0,27.030265595495464,19.407970747507733,-163.15880463119782,-165.28763091865812
644,16.657562556026377,4.166659980398801,6.0,-0.279676831132893,4.166659980398801,6.0,23.780168666125952,19.11974225236318,-420.00301817404437,-419.6630971014523
645,16.776996319891055,3.215456822408995,3.0,-0.5120614193191271,3.215456822408995,3.0,-0.4340037901305749,22.143345768117747,-199.80753420629537,-200.50168454601095
646,15.308065225202503,7.488207796670548,4.0,1.4008818603129667,7.488207796670548,4.0,23.636967300962503,14.524869695175756,-172.71659801868879,-171.00119312424044
647,20.987781840125447,8.01389433842723,4.0,-1.0472871463838105,8.01389433842723,4.0,23.08787837239776,-2.150283608548534,-203.85134639103558,-205.02270181622043
648,21.333552995614163,4.9125744639136615,7.0,-0.7981533577548339,4.9125744639136615,7.0,16.71726947859009,20.644042536109012,-178.42025938090148,-179.0454936662607
649,19.631555119870715,8.930310195363031,6.0,0.21138647504826755,8.930310195363031,6.0,6.470969740379829,12.276703520082052,-191.84452194397466,-191.46387174919732
650,14.466246188808997,1.4390869607855827,4.0,0.39045493205388226,1.4390869607855827,4.0,29.57150461590539,14.940050692679364,-239.17298527595867,-239.7744551585163
651,20.783545834869628,8.790687796589602,5.0,0.4963430343407315,8.790687796589602,5.0,11.597768696472041,30.661602414094467,-179.60304048985654,-180.6944700337768
652,15.192568596145831,0.9609523297188127,2.0,0.9112380445689469,0.9609523297188127,2.0,32.14504521126623,11.061978361944426,-77.29189080131268,-77.54321511294958
653,15.503800121128984,1.535255220546139,6.0,0.19857862068151685,1.535255220546139,6.0,9.300428710192072,18.791178076695118,-421.7438971065973,-422.6074836324706
654,19.46959640452037,5.338400132739603,4.0,0.48938393893840915,5.338400132739603,4.0,24.227128974993896,19.056637889844247,-136.02922170787707,-135.47257255921147
655,18.351891963978616,0.6751848018741502,4.0,-0.2592092593150832,0.6751848018741502,4.0,21.309612704436674,4.157119887734879,-242.92405944302612,-242.77126742541085
656,16.488762216372965,0.5280710140011036,6.0,0.06269830323671424,0.5280710140011036,6.0,37.51659149427331,12.684786215665007,-339.40882270036474,-340.05140866590386
657,18.867060753592796,0.005187441657055203,5.0,0.10753418005363442,0.005187441657055203,5.0,31.360549272097664,24.20190008346159,-214.70552231829913,-215.47298515831028
658,15.392537728014345,4.363166596942632,1.0,0.21509813581903608,4.363166596942632,1.0,30.789248155053723,33.34486665313464,-1.1787928868007698,-0.15498839668776654
659,15.22096004748309,7.746238812922298,3.0,0.7725398075827608,7.746238812922298,3.0,41.23531970946115,10.49219899878299,-102.78708876703433,-101.52742171259328
660,16.90887260185035,0.34838350279915664,2.0,0.555145681944831,0.34838350279915664,2.0,-2.5950135152545997,14.832274169532145,-61.742706454807625,-61.35037790230046
661,17.034978954312894,6.522576064658554,6.0,0.0442170029001831,6.522576064658554,6.0,17.32665708811723,-0.6192730083345808,-367.6406485035671,-368.3678896332362
662,21.327035502960573,8.231273174161865,1.0,-0.8091259849410398,8.231273174161865,1.0,27.204489391411247,28.090723291477143,-5.528177753490989,-5.005991772165878
663,15.548495212446928,1.6800084857787112,2.0,0.06767125806270954,1.6800084857787112,2.0,10.200051485079316,19.597800504755497,-97.0413698060527,-97.62334792875505
664,15.768283608619042,1.4686373482140425,5.0,-0.028017784895743934,1.4686373482140425,5.0,7.116305069833526,27.264350273391706,-341.5010838473993,-342.2691942938059
665,20.085014763764143,8.60800973620536,5.0,0.19318157981319836,8.60800973620536,5.0,24.922430640723643,28.492913472503247,-197.72552466208458,-197.92741019320113
666,14.594391785242891,8.231246099500947,4.0,2.206525307140402,8.231246099500947,4.0,5.30521920070322,18.070761510792423,-124.14339472391009,-124.9967939967218
667,20.877383945073554,5.389417662641868,7.0,-0.5237727785412354,5.389417662641868,7.0,19.66474945205971,35.33598258193099,-337.70131321226165,-337.64421857246475
668,17.37603495723055,8.191998792939803,7.0,0.42228901912535954,8.191998792939803,7.0,-1.4235761368937254,-0.8835073407201968,-321.54617360894895,-320.99789702440347
669,13.580766851379044,0.9275607742449477,1.0,1.0684620672442982,0.9275607742449477,1.0,14.618318290801424,11.066952356414056,3.848422173088065,4.509889272181287
670,15.805517017080923,3.944815179387544,7.0,0.09800191409938289,3.944815179387544,7.0,15.968782280044769,21.428862672173793,-505.4829658742855,-506.6980761401217
671,11.424386473697458,7.377975561063729,5.0,2.337845119172165,7.377975561063729,5.0,27.848956071616634,5.121451596495467,-182.84865746971914,-181.84999057607914
672,16.216526651861646,2.574519593239634,5.0,-0.3780392917314767,2.574519593239634,5.0,-2.739087276843133,23.862969130245464,-373.81759719631185,-374.14642452547736
673,16.530836525793156,7.523289144335528,1.0,0.32408922232004705,7.523289144335528,1.0,8.812210933509482,32.341498007890976,3.946319991632118,4.319882772275854
674,22.2600544611617,5.041786043908139,5.0,-0.798805744892982,5.041786043908139,5.0,23.105125529330188,19.97654230243384,-107.892636766626,-106.71764654103924
675,17.601614932045912,7.502659879482331,6.0,-0.35152473514329313,7.502659879482331,6.0,4.478318966869615,1.5226597420973391,-328.57363750962503,-327.483674035998
676,20.234689723153206,4.6467963785732955,5.0,0.2489339103966579,4.6467963785732955,5.0,25.504929506399648,12.391076022335303,-219.26631191339493,-221.09680186517576
677,13.556808419806167,3.679043402218176,1.0,0.8463040623077297,3.679043402218176,1.0,16.591446373427463,0.265746725157026,-3.01713701104072,-3.7246201531869474
678,14.404018814471891,2.1918921647863234,4.0,0.3190948340235742,2.1918921647863234,4.0,13.194851896528439,4.2624476659993835,-256.8520255995089,-256.24679269476115
679,12.737525088883082,2.08379341435015,7.0,1.259114849334736,2.08379341435015,7.0,36.01683527263242,26.155049923248193,-456.17268870063543,-457.4232087299453
680,17.94419266296614,7.51490810571396,6.0,-0.09496531059267174,7.51490810571396,6.0,21.83715265956432,17.635170026590274,-332.4157018367915,-332.1945405252971
681,19.8705259855302,1.189103480339605,1.0,-0.33216852983900536,1.189103480339605,1.0,33.482206392547376,-1.8835878393383965,-26.61162423082206,-31.11879736857108
682,8.523820965116942,0.8598235011094513,7.0,2.7039851072793866,0.8598235011094513,7.0,8.78480007473756,8.821878381160207,-286.289488518544,-286.4226483006894
683,14.117325639524605,1.7629136502213016,7.0,0.39423764944203077,1.7629136502213016,7.0,31.519165207908895,-7.653435569064378,-482.4076420583008,-482.2056079473077
684,17.12439652595752,1.7534651145392188,2.0,-0.7194815459785476,1.7534651145392188,2.0,6.638952213625554,18.893309532651582,-111.09982618310676,-112.13071747702341
685,20.782796904668626,8.231076228068998,6.0,-0.6942637622480688,8.231076228068998,6.0,12.262914685557174,13.443752035670702,-310.6096084264014,-309.20138711627
686,19.320138723226112,3.985066234742124,3.0,-0.9426799145313405,3.985066234742124,3.0,28.05918587788823,19.992162944114597,-216.70900843387025,-217.20849954932834
687,24.525801092931257,9.903884573604824,5.0,0.9365693558567879,9.903884573604824,5.0,15.013732570409513,12.232689156967984,36.81932170353607,35.149054157637245
688,18.4793719612579,1.3721125779061238,4.0,-0.36437729289324183,1.3721125779061238,4.0,14.114551898481228,26.5213233540999,-294.8008848157911,-295.5886132071928
689,16.875848482655062,6.535398256936434,6.0,0.12736247565648562,6.535398256936434,6.0,32.67276999777265,16.888083281146322,-366.36714148757636,-364.98563339282174
690,18.212745986659517,4.487295072012506,7.0,-0.06350867443826871,4.487295072012506,7.0,21.985201654308312,11.539162307851903,-411.2905667620964,-411.08293444015726
691,12.18975724630552,3.9291817669707396,6.0,0.7314924079409346,3.9291817669707396,6.0,17.832615249979565,6.213030622388499,-348.2072611505973,-349.0124118770737
692,21.994693653591323,8.750841990540824,7.0,-0.8467440928840201,8.750841990540824,7.0,3.5522456033619996,27.17534209379467,-299.56876073638654,-300.1036960976665
693,24.20513751663882,9.755956458283997,7.0,-1.0755722861430155,9.755956458283997,7.0,27.605500699061434,41.23502692094837,-31.424424782303348,-30.63094047094104
694,19.200550827670163,8.728589587741787,1.0,0.22429730718159427,8.728589587741787,1.0,27.175990070358072,21.310564650282902,13.687631842194108,14.585189385640348
695,12.28059958057276,1.9230067903513304,2.0,0.600959284699897,1.9230067903513304,2.0,15.76299834267639,21.352568089258426,-73.22563169888257,-72.35267984148761
696,16.488303738066563,2.2079792120893407,6.0,0.33253231309764075,2.2079792120893407,6.0,3.8546309105311316,7.9917090314087815,-464.6716614785987,-466.320349711861
697,18.892241420246716,6.560738790950634,5.0,-0.8094537290973276,6.560738790950634,5.0,21.72742873517766,32.49534656113518,-322.1734712059717,-323.2006444272531
698,11.201865374336554,2.890835816381917,1.0,0.6774848420913938,2.890835816381917,1.0,5.835371058099033,12.799658954580337,6.628565983156232,6.445633628935429
699,18.82079434162418,7.347251307805799,1.0,-0.7438609270956342,7.347251307805799,1.0,11.154712539471149,27.098962449442844,-7.61199627029272,-7.657803674568115
700,18.692728363699644,5.664206508096447,4.0,-0.5215386447863833,5.664206508096447,4.0,30.268408826231482,33.8640907066962,-228.24938256032686,-227.07036044956254
701,21.046599898958586,5.50908768490403,5.0,-0.9439535247220022,5.50908768490403,5.0,31.023303413228724,11.320227862597983,-282.728220664076,-281.85153088875455
702,17.148114342067792,8.285469248387859,2.0,1.3011583486520308,8.285469248387859,2.0,33.23019729292356,18.608344514800862,-39.67986035957951,-40.41906841743268
703,16.544201926074745,7.105327717426778,2.0,0.6334215410273492,7.105327717426778,2.0,3.104386650306921,13.428463673687506,-67.35020036941287,-66.52329549443351
704,16.1631889025803,0.265777649972917,1.0,0.6049933756788733,0.265777649972917,1.0,7.208142696789274,34.52819657420079,7.702877211259671,8.220654135079727
705,14.605089534533077,0.49459137146015686,4.0,1.2472114211424503,0.49459137146015686,4.0,20.955317586402042,1.9871067930535293,-177.54615562088185,-177.9797778556022
706,8.075035755930394,6.015584524560157,1.0,2.8126492482387233,6.015584524560157,1.0,5.290270074378897,11.301788540709595,32.52097936686566,33.94419439809767
707,22.864381010928817,4.861920756222755,5.0,-1.7092261039101555,4.861920756222755,5.0,27.14265227750874,31.612141529826545,-139.91686890118294,-138.7200102079816
708,16.46202535545059,2.601846553429914,4.0,-0.7383765808771081,2.601846553429914,4.0,6.1744376763391635,25.50870961390811,-290.1067498471782,-289.5663841269811
709,16.613738648107372,4.186560873148016,4.0,-0.6161750841745238,4.186560873148016,4.0,0.24484396352283966,12.928251051422812,-254.82235531698842,-254.66433483330846
710,21.042236024383083,7.579103187328605,5.0,-0.8508196223826928,7.579103187328605,5.0,35.68607551401566,23.94708362577846,-303.31385078108974,-304.76525774729106
711,21.90633734841152,8.266114846579299,4.0,-1.0775832476037126,8.266114846579299,4.0,30.02743565622803,35.511311761198634,-194.04016869584007,-194.9101982422954
712,19.41343097670328,5.612230678900442,6.0,-0.2996530640553656,5.612230678900442,6.0,1.0193987132685294,17.592150709584462,-367.21349507902653,-367.7656162464351
713,19.30912887257966,3.8536948085710296,6.0,-1.216603715289405,3.8536948085710296,6.0,19.727991254101546,43.08066550382419,-504.2792204747974,-503.65265339505845
714,14.54954982109943,2.70696761495107,7.0,0.3350423675374132,2.70696761495107,7.0,24.911185530543754,15.515745845812269,-508.15218427511263,-507.6131554610534
715,19.253746513688405,5.219184707692534,6.0,0.051698321428614635,5.219184707692534,6.0,12.02584756756663,19.412199231365296,-169.03106815190694,-167.7079909128812
716,14.266939492034897,3.14749618564381,4.0,0.4810286647636553,3.14749618564381,4.0,25.53985790495022,13.133534183871092,-251.10348865640847,-251.89004704593955
717,16.4619740978049,5.640951370472229,4.0,0.5077284516382525,5.640951370472229,4.0,7.943818322677533,10.640585922275296,-195.52882814663943,-195.9089127430973
718,16.20803167781355,6.766523825096376,2.0,0.6030068534266765,6.766523825096376,2.0,25.27779085516146,24.04847074092354,-70.9485668959955,-69.44355323097474
719,18.324723177446998,0.6607921091939484,5.0,-0.3734089368238823,0.6607921091939484,5.0,17.912511711102432,27.99085601204344,-317.5557932923273,-317.0653886762021
720,14.117533939726371,0.010674650227472382,1.0,2.1211434026336673,0.010674650227472382,1.0,9.813813733019497,12.05687792757898,25.713049599735786,25.163443038263104
721,12.676307702454405,2.1227713884074295,7.0,0.23443111648209775,2.1227713884074295,7.0,25.021353465374908,9.937137163183666,-457.3168142828686,-456.6363966389335
722,22.691416200882188,8.94511497718781,6.0,-1.862484752624795,8.94511497718781,6.0,17.040373164272545,10.795032490712275,-222.265093909295,-220.68190111006734
723,20.18777495078208,6.462907632285591,1.0,-1.0023757457662175,6.462907632285591,1.0,15.067076137750774,48.50833452813893,-19.311396322341214,-21.634055953015142
724,21.571432722429336,1.7196035193702286,6.0,-1.7405029890278156,1.7196035193702286,6.0,16.59444540174387,16.988619638750436,-562.2699554637475,-562.589936895921
725,19.2682820842528,8.902639618236188,1.0,0.01733462915130733,8.902639618236188,1.0,4.113399932867171,19.25412304180655,18.78348702250086,19.134615188889327
726,19.22329825176319,4.6995594028734,6.0,-0.12180522405333363,4.6995594028734,6.0,5.965260957452465,13.91268068355809,-230.73951748966326,-230.59496639410503
727,20.58932787330763,4.760917566786606,1.0,-0.4684256978994578,4.760917566786606,1.0,11.71848136125046,23.270018608838466,13.58562521629654,14.265590071277664
728,19.98543778946919,9.355419438426551,4.0,2.010926112400514,9.355419438426551,4.0,19.436450182288628,1.3989372662775459,-52.25594048996312,-51.44719066824741
729,14.318955443518748,0.5948669218334002,5.0,0.5489828740769108,0.5948669218334002,5.0,21.380828038725895,20.035774664702554,-246.7676302183217,-247.92402923853643
730,11.094488454145928,2.1517827462871852,6.0,0.7260983614463344,2.1517827462871852,6.0,-3.351149159551799,30.97218332400452,-346.06541479848,-346.22319068372457
731,18.548190124257502,5.857713251547224,3.0,-0.9310734879421032,5.857713251547224,3.0,34.559263923306915,25.395228787840043,-169.8519708931024,-170.1528717413742
732,18.438596746524134,1.9548650958200409,7.0,-0.9991448913310123,1.9548650958200409,7.0,8.517474804704243,8.77629067537585,-597.7273418173482,-598.2695498154151
733,15.904533037838,6.795270092089578,6.0,0.03680549909695475,6.795270092089578,6.0,23.917657313101934,29.94401746943362,-338.3605457029305,-336.9013501849418
734,14.257530232953314,2.140922893367202,2.0,0.17300713965222583,2.140922893367202,2.0,0.3668817390416699,12.00554287895897,-89.94758324892047,-90.99605509408326
735,22.694809478739586,0.9915697059881434,5.0,-1.856311567114457,0.9915697059881434,5.0,25.252125731043154,26.023982702774113,-426.389939094193,-426.1890412016654
736,14.279567258223922,2.069851596408397,6.0,-0.18030702284953407,2.069851596408397,6.0,15.877757429311377,-0.3689034691918618,-415.5726037135216,-415.16704740857006
737,15.842604697528577,4.227340342720622,3.0,0.014072082873504806,4.227340342720622,3.0,8.498965729492493,29.442637977905356,-163.44407016434556,-161.9210939803002
738,16.88761056634552,1.7613829917307988,6.0,-0.21514916577112894,1.7613829917307988,6.0,19.117695219405732,17.125048959714597,-464.34271008835174,-463.08765284502806
739,17.722366615552463,1.346920249233473,7.0,-0.8133904123466764,1.346920249233473,7.0,17.514917753387273,4.511195024201019,-544.1310689256798,-544.1975829977965
740,20.19972266226562,8.602818862189409,6.0,-0.53953518192114,8.602818862189409,6.0,6.657470010079965,-1.736217283001242,-252.65104217901043,-251.66350681400706
741,16.77791774667045,3.203972035973078,6.0,-0.17685919357279603,3.203972035973078,6.0,13.542284519069756,14.056651320359133,-468.83852641935016,-467.69760467737575
742,14.602040191393586,3.607586865182536,5.0,0.09080002361004777,3.607586865182536,5.0,4.891850058413921,9.52577550595554,-330.5290726069216,-330.8441531305153
743,16.784293997785237,0.5527040950122764,2.0,0.604791582550568,0.5527040950122764,2.0,15.07460207348461,9.5775923658093,-69.68206507080573,-72.0703563892134
744,12.080971269864062,3.5736962350205417,6.0,1.0808562049508712,3.5736962350205417,6.0,20.49505566233893,1.1232537810266674,-356.08941236504967,-357.5072895446329
745,15.543459065551192,2.6480717732157966,3.0,-0.2943477235272498,2.6480717732157966,3.0,-6.18251558704779,11.437808152226754,-189.6022997652345,-189.20803361329143
746,18.461451799060526,6.104850673417886,4.0,-0.45615619611535785,6.104850673417886,4.0,29.507723379000375,-2.590471024246895,-250.76585137300458,-251.01335689860716
747,13.845184580793163,2.053902976724067,3.0,0.43765567353430623,2.053902976724067,3.0,20.99200712975361,15.585289080288607,-165.554752239958,-166.48375316635426
748,20.731106936896936,8.883654530628405,3.0,0.6108449164108543,8.883654530628405,3.0,12.84722220079846,3.013704971074617,-75.04033853988761,-76.5225713218642
749,21.87406133536303,9.296666209195552,2.0,-0.4342004332588856,9.296666209195552,2.0,42.942069245674205,41.671893393863385,-8.360943595204162,-7.789260166661251
750,13.87636710138735,0.9983105717679019,7.0,0.7903934769661722,0.9983105717679019,7.0,20.9687872045847,16.57021978556789,-420.0077687023785,-420.0579705058301
751,13.026389667736987,1.0740295628857721,2.0,0.9795853411559731,1.0740295628857721,2.0,38.05795299655495,19.545023683006153,-63.67300292070866,-63.90258514031818
752,12.659683969548938,1.1532643811098797,1.0,1.291686465658673,1.1532643811098797,1.0,24.995037481608122,30.415386156875627,6.638884575415717,5.80713954067971
753,10.846477803165694,6.19569256310312,7.0,1.7783209067198225,6.19569256310312,7.0,5.19506809214465,21.268023549558354,-323.2478159654424,-322.6199787887933
754,19.455543921268497,1.2196896420962289,4.0,-0.8664161386594389,1.2196896420962289,4.0,5.991646672625254,26.43605591525847,-300.84638542547594,-301.25087707674567
755,20.09776703156159,8.523823179302664,4.0,0.01389820933251119,8.523823179302664,4.0,11.41560756678533,7.262392501318679,-153.21620909692396,-154.64434333353952
756,16.60019154631334,7.542715149378925,6.0,0.011277696618660139,7.542715149378925,6.0,-0.9858760544428868,23.38928027332664,-308.2122600776618,-308.6012731955641
757,20.37048263131936,8.19808858238024,3.0,-0.0980735685325076,8.19808858238024,3.0,11.961960142222175,20.700537619068808,-123.01149244019692,-124.02907353756811
758,23.887495509014695,5.260605268860209,1.0,-0.6492629196101362,5.260605268860209,1.0,32.96493088508218,39.4935444072417,6.587336653828366,3.9814979869134035
759,26.034935878038993,9.966772115191535,6.0,-1.4855620032310715,9.966772115191535,6.0,46.31240347749862,34.82189781431414,52.82218646485606,52.65594132735427
760,18.779975292387352,0.4417510294416127,2.0,0.0926794460290038,0.4417510294416127,2.0,17.16016389305895,23.260593108157554,-77.76459151250218,-79.8836201322961
761,18.047220733453955,4.012649641861134,4.0,-0.7683556595479125,4.012649641861134,4.0,13.37759445812219,39.07337726816482,-289.4027564574949,-289.91527430434337
762,13.092723285478197,3.2393666893763617,7.0,0.085993480747625,3.2393666893763617,7.0,0.4847084523684764,15.62548684181884,-460.8726196048451,-462.8746588632562
763,21.49652151598508,9.486454987126411,7.0,-0.7940435416988534,9.486454987126411,7.0,0.05782885211290534,29.797995993520765,-110.79336373682717,-108.83858386909597
764,20.206163053719983,5.768609584975929,3.0,-1.0996583458443414,5.768609584975929,3.0,6.102047408226074,3.632978212268597,-181.64133047108345,-181.17188099261892
765,17.633359104443834,8.061909654447252,6.0,0.2342983603768977,8.061909654447252,6.0,12.163546116281825,12.815229383662528,-282.49018629179886,-282.5568864462053
766,13.7956390753275,1.7034119365851885,5.0,0.15092152680649595,1.7034119365851885,5.0,14.89030897698613,6.096234597554762,-316.24485555021425,-316.13158219217866
767,23.887398809839706,9.786341439004389,4.0,0.579281971320933,9.786341439004389,4.0,39.896095890826956,26.11439240816288,14.124067316012345,12.466570756790738
768,20.40793558155392,4.986395468763152,1.0,2.1858637664176253,4.986395468763152,1.0,10.100410233369104,12.01531392900622,28.377411966876952,28.648448777930085
769,20.124327520590093,4.936720762706458,3.0,0.2772895312108468,4.936720762706458,3.0,32.53605007881219,5.340910873056149,-34.58003098923224,-34.63733464139506
770,23.08952011208899,9.708847285457377,5.0,0.4850817670641296,9.708847285457377,5.0,13.044459313296278,13.290449729316652,-14.783532610234635,-15.56581629310864
771,20.309947014368472,3.8073236121714507,7.0,-1.0775613288673254,3.8073236121714507,7.0,6.951950761270224,29.446538505723744,-623.5082761001892,-624.873454365174
772,18.491987262420675,3.9752502455499297,1.0,-1.2869074405363745,3.9752502455499297,1.0,21.750938596591933,3.0823187767541818,-28.710404102080524,-27.34051266691946
773,13.423987451547156,5.847527028049367,6.0,1.5828294467733337,5.847527028049367,6.0,29.370405739352396,7.41252716445397,-306.874712656513,-308.52874813784683
774,18.065767506446505,1.2805261054778694,6.0,-0.9234797799333037,1.2805261054778694,6.0,25.98875816761052,31.127862073350343,-458.3291251393522,-459.1513863786024
775,19.044513606327765,3.210856264118549,7.0,-1.043944071468642,3.210856264118549,7.0,29.63669590166984,31.935835702419816,-613.0370824658123,-613.8292347715917
776,16.272197793535515,1.9320832244513053,3.0,-0.03909892121655298,1.9320832244513053,3.0,8.134181649991367,22.405705099430083,-193.35510907891637,-194.08074312084537
777,17.105625767739692,1.032834791070496,1.0,-0.09019241337738836,1.032834791070496,1.0,6.552847063059939,5.13876770618271,-14.088210547812633,-14.654666712002715
778,22.409230367785167,8.661446063310201,2.0,-0.9025065064432917,8.661446063310201,2.0,18.777150241448155,8.155006155631623,-52.58974602388345,-52.976138628723994
779,16.47201677949149,5.89331166127476,6.0,-0.3049732187131,5.89331166127476,6.0,33.857150833613844,-3.6596039082150256,-367.69432892634273,-367.67346836426896
780,12.289190458255058,3.586727915279112,7.0,1.2293757176501043,3.586727915279112,7.0,28.905859999070607,27.901803078720278,-433.9879625035377,-434.5717559305018
781,17.325657167455986,4.086693773667128,5.0,-0.8059936088317976,4.086693773667128,5.0,19.104035178614858,8.369750603445482,-360.61997660092067,-359.4587858592023
782,20.713984693776847,4.315190036873546,1.0,-1.3936724843661716,4.315190036873546,1.0,31.773008368621603,28.019680523384967,-29.120193845220175,-28.34185772538914
783,14.528239475142573,6.331491821447094,1.0,0.9425936208997923,6.331491821447094,1.0,24.218599677867218,16.589673390056458,3.6662761573555036,4.188435564086653
784,21.85060421384899,9.267693914889932,4.0,0.4922969119380367,9.267693914889932,4.0,7.668389233927536,-1.1866724607245196,-75.8570692189589,-76.29200266344112
785,23.0405503362804,9.327796196569825,5.0,-0.6205186206486616,9.327796196569825,5.0,22.635167777643733,36.87454160977656,-105.3709804713366,-105.51611437023354
786,19.62709508064932,3.914919795306634,1.0,-1.582167016126918,3.914919795306634,1.0,19.74572774987661,10.314144381534577,-34.1297520766495,-33.8943402829225
787,16.17777386093411,3.2926245959776956,5.0,-0.7446233564385631,3.2926245959776956,5.0,15.281579596114977,10.955581716865495,-366.2487612295437,-366.00754441959566
788,19.00733562122209,4.51046500185255,4.0,-0.05470443684927131,4.51046500185255,4.0,-2.0567718960910746,24.470439028835514,-208.56761912032243,-208.46051760213373
789,14.57297526376453,5.679342304284925,1.0,1.165672089883819,5.679342304284925,1.0,-2.707895875311973,8.612592263938577,9.611835066433716,8.24961883857221
790,22.30104409989978,4.618179114497483,1.0,-1.036581974869657,4.618179114497483,1.0,24.29572056570245,13.688519116523544,-7.56984026431498,-7.912684307702634
791,17.196483483881103,6.587534098167009,4.0,-0.08451988151147344,6.587534098167009,4.0,15.507170437443344,6.5510267527066794,-224.2958453489894,-223.898120102389
792,15.220565944021285,5.543990233797636,6.0,0.675144659894898,5.543990233797636,6.0,-4.382832869285931,13.382893907994722,-275.5349475685199,-275.2501241241473
793,23.909385106716257,3.207155466940761,6.0,-2.3812673401219207,3.207155466940761,6.0,14.006221173740375,28.89981750850639,-625.2403361399179,-624.1329364908538
794,11.360441918976129,3.457308057626326,4.0,1.0337861679388998,3.457308057626326,4.0,12.576467322708226,13.185919550730794,-204.65240082943012,-203.78259260857277
795,19.471189812715128,3.7859278755973094,3.0,-1.1824505722064373,3.7859278755973094,3.0,28.982005127429808,4.497544544795549,-223.5038479968478,-224.52448369218735
796,14.654038587968978,0.9463976824938869,7.0,0.3319954934569346,0.9463976824938869,7.0,35.37721122963096,7.169338043694377,-433.46327678315777,-431.63489554125806
797,16.08166905217496,1.6606263241397312,4.0,0.24668314961074406,1.6606263241397312,4.0,30.800883382009353,21.52644103560766,-269.7856895159689,-271.5756880162439
798,14.02972151028273,7.231138021453861,3.0,1.084586391463845,7.231138021453861,3.0,21.928730959761523,23.251401272843378,-105.33373490178602,-106.20413514474902
799,13.291931566620361,3.8909671152208003,4.0,0.5509243808935403,3.8909671152208003,4.0,26.507719555866082,18.966495689991767,-225.4107818511112,-224.92210926593899
800,23.021634056405446,2.1453897256014365,1.0,-2.377290491729981,2.1453897256014365,1.0,10.2994462637158,18.249713902876827,-56.34539604880466,-56.65183766989314
801,18.4616498820641,5.626724105748573,3.0,-0.7847792471559913,5.626724105748573,3.0,26.619023355265092,18.6196544959328,-146.4209653574935,-146.84403203847808
802,17.965834370658772,7.5553954247342725,4.0,0.13820512935328008,7.5553954247342725,4.0,-2.887030068179911,26.257868078592992,-198.68959301135763,-198.45060148059383
803,17.159735792377973,2.5742236234537144,7.0,-0.19497988611978695,2.5742236234537144,7.0,10.386694354722394,2.5325111579695516,-573.4098024330492,-574.9672733173409
804,17.67160975581428,8.267898819237445,6.0,0.47761072975677044,8.267898819237445,6.0,21.60975168477866,17.059251321375644,-262.6291263554942,-261.80266336884483
805,21.485988982190182,9.275048596250496,6.0,0.7893665556697054,9.275048596250496,6.0,34.52631180794364,27.0936455627995,-138.07585826683868,-137.8598139574223
806,12.301293275235262,5.973945290738407,4.0,0.6084517364296791,5.973945290738407,4.0,2.438849673142583,3.272309445442973,-172.62724503537746,-170.56028165808152
807,17.620893307523335,6.689476589915796,1.0,-0.21427494255446522,6.689476589915796,1.0,17.630037335440036,8.677281671100378,-7.743501208660992,-8.020777787456858
808,21.73472999655237,0.5257599032305538,3.0,-1.8463370111204804,0.5257599032305538,3.0,24.132568847489384,25.18658652319241,-186.2510134406378,-187.09732291399266
809,22.15680075316457,9.455198910219064,7.0,-0.4554812488548173,9.455198910219064,7.0,32.29983179512235,-0.5343484333475637,-123.99494484184105,-123.42624956425715
810,15.180004740438964,3.924847342649438,1.0,0.4163681481389552,3.924847342649438,1.0,25.337839519159267,29.217932106302307,-11.268249683231982,-10.708040851022481
811,22.619273420115455,9.239004005454298,7.0,-1.0904472525504776,9.239004005454298,7.0,11.401329175119717,2.1011191110338956,-192.00426795976833,-190.9034945060053
812,15.106132435610723,5.789775247502425,5.0,0.6312747301215763,5.789775247502425,5.0,33.6465697352225,27.43560522307505,-265.84817205707134,-266.1011664367501
813,16.871099428448947,0.046187988433276095,2.0,0.9083932972673044,0.046187988433276095,2.0,21.08918182146893,13.69464271086014,-38.92327667980369,-40.33173190394444
814,15.542999604208374,0.38541999323435716,6.0,0.12686697629584257,0.38541999323435716,6.0,24.155845601381756,13.643777587270066,-301.27258490166724,-300.65515281729597
815,24.034086073291107,6.8041880566992194,6.0,-3.063779866312396,6.8041880566992194,6.0,17.618713945075523,18.479804529966884,-480.68494366425443,-479.7838882027154
816,21.727879133688234,5.6266801383193314,1.0,-1.2780883627118034,5.6266801383193314,1.0,5.259257963065071,4.469519795002849,-20.312725354305393,-21.456806876630182
817,11.789413031320679,0.26532437206074344,1.0,1.8861891585560817,0.26532437206074344,1.0,14.14560275397752,18.992052732699438,25.656742914554634,26.919130140584453
818,18.35525928081864,7.434599612223853,5.0,-0.546537793028378,7.434599612223853,5.0,21.516677102589444,25.325198906326428,-277.11323746678704,-276.40247518386565
819,22.788881757165942,8.521453370691818,7.0,-1.984143223128996,8.521453370691818,7.0,4.920492292571403,24.266044369575248,-355.8740741563383,-354.8441641941728
820,22.434654641833387,4.9641748243930826,1.0,1.2352473883102724,4.9641748243930826,1.0,30.86315739757415,31.012494361743173,24.223033302761642,22.131469890067685
821,20.292702056991065,4.65757440357255,5.0,0.013355591543672855,4.65757440357255,5.0,-0.6888251211433136,19.470460717406603,-217.64121649174777,-215.82649981245413
822,16.251617421948847,0.054731088346274825,1.0,1.1049404889577255,0.054731088346274825,1.0,9.462316796265153,2.8290690811219275,15.525301550937714,15.11292047837928
823,19.089805543817604,7.866497124935993,5.0,0.2769586752193653,7.866497124935993,5.0,31.97321163587434,10.989661195527585,-258.15646974804224,-258.4071116995909
824,12.80759785748375,3.307160667461054,5.0,0.4585591362121688,3.307160667461054,5.0,-6.1463094258489726,-1.2579057249699819,-303.94028707383774,-303.21466366594257
825,20.77481447096276,8.787636197825396,1.0,0.3630092477145166,8.787636197825396,1.0,18.015949902763296,-1.0706611878645766,12.521693220820003,10.551555402545546
826,11.653686691111362,3.7306058755805305,5.0,0.697488311921,3.7306058755805305,5.0,19.824728049670888,2.0711612662701864,-275.6167690482111,-274.318874757772
827,12.8707088794335,5.650779106307056,7.0,2.2774304485560983,5.650779106307056,7.0,16.22869552464012,-8.350250120159181,-326.3033492111955,-326.2510209633713
828,11.225118811316342,2.7034178819932753,7.0,0.9710063359591881,2.7034178819932753,7.0,-6.221303981879117,2.4314014713588463,-422.9600381677011,-422.64404662155414
829,19.37683051448593,1.6058831258491868,1.0,-1.580339317845535,1.6058831258491868,1.0,7.053188969351204,4.193398270235292,-33.986245584139006,-33.83039581307155
830,16.994085799077947,7.749079033813279,2.0,0.4466615152789034,7.749079033813279,2.0,27.109260746298432,22.005431850906557,-56.48194859897424,-55.99071846016141
831,21.069196682879937,4.965904788462816,2.0,1.1414807681032177,4.965904788462816,2.0,18.596653229904994,12.9348719762768,-6.501377872808341,-5.277048146851364
832,17.13896699916561,5.364879237522508,4.0,1.202700806536146,5.364879237522508,4.0,4.404131848043171,9.967199067406384,-125.54634135999903,-124.5492505280826
833,24.254021882961712,9.654159534817355,2.0,-0.42660498305909955,9.654159534817355,2.0,15.384117567897576,22.131901844962375,18.27226469383025,16.885620270405234
834,22.19563682314797,9.635799122221536,6.0,1.1649444451881277,9.635799122221536,6.0,18.569494192764825,35.5699678718546,-47.64709190330983,-47.42035356048258
835,18.725358251339546,8.556421217024035,6.0,0.9277423995512052,8.556421217024035,6.0,24.840205064215134,18.775729093661376,-239.30803598616873,-240.00887523014603
836,7.012043137074176,1.8760929276503358,6.0,2.57251743696973,1.8760929276503358,6.0,21.31032159576916,6.6785507995788596,-251.6164712367483,-251.61118486126676
837,18.747857082302197,5.942726943015799,2.0,-0.7500017362485115,5.942726943015799,2.0,26.190962536241187,14.265776658226677,-96.30570956692478,-95.70410628094744
838,20.664890845809452,8.781474246555375,1.0,-0.5074005764004252,8.781474246555375,1.0,35.956248115998676,16.01520087412964,12.000260262346098,10.768133658324281
839,16.42569769569604,3.744639364489377,7.0,-0.3061190484599539,3.744639364489377,7.0,16.44934337549649,32.777436298430075,-532.1133530496944,-532.0261445185854
840,18.13673506087882,1.0110616593558497,3.0,-0.4902221500387753,1.0110616593558497,3.0,2.770358235894882,16.320169163522753,-185.71778014780364,-185.60893744037716
841,22.701756537179694,8.109629022399218,5.0,-0.890020749763603,8.109629022399218,5.0,23.41473593566617,23.840420015573855,-281.29644072976237,-283.2766274415563
842,25.6343192101452,4.817635513621717,7.0,-2.762675505673743,4.817635513621717,7.0,7.666169475848779,31.285136474155458,-272.1015565808117,-271.9456843702448
843,19.588857947771835,5.643926803591786,1.0,-0.4346994737231341,5.643926803591786,1.0,18.876784788729548,8.37843118717207,-12.875647673791827,-12.848593660666225
844,27.29870783304509,9.821442963178445,1.0,0.36935805969990443,9.821442963178445,1.0,39.70607683472316,24.965015384550746,38.21260016750096,36.659470181407634
845,18.594684963726063,6.072114304940721,1.0,-0.4932218455059107,6.072114304940721,1.0,-0.29650614463812275,6.075682421905519,-15.88175529168393,-16.139968447069883
846,10.982284839281268,4.249793856661014,2.0,1.9353811835291097,4.249793856661014,2.0,1.359213599922784,20.268599618813212,-44.80810422135031,-45.27525599940107
847,15.915992894015604,3.6998436784719777,1.0,0.013375812715862578,3.6998436784719777,1.0,16.588913003797654,35.933642930788224,-13.848651636274314,-16.012097741162297
848,10.985922333807977,4.176192926540456,6.0,1.2910290551841355,4.176192926540456,6.0,6.709812050241609,0.057465404616024784,-303.8058447439115,-303.5925612784365
849,14.587992356087133,1.1839908317866876,5.0,0.26142041272996835,1.1839908317866876,5.0,18.19620655740042,31.94481406078458,-307.20734514180833,-304.9259391802865
850,16.232974682732713,7.947505584175718,7.0,0.826407309893258,7.947505584175718,7.0,13.901280772829125,39.230640813261985,-328.8782487233276,-328.9077472642212
851,19.446680180814827,8.37716858187041,6.0,0.27924155393356226,8.37716858187041,6.0,24.929718649219684,24.513155722455817,-272.6327482585976,-272.9893602847306
852,10.150298206675078,2.8439713457340887,7.0,1.3687846319035628,2.8439713457340887,7.0,14.558841304680833,17.242660403797753,-394.16918873393075,-394.1197302777036
853,14.922191031202532,3.037966184099441,2.0,0.05593935013240072,3.037966184099441,2.0,-1.8126161193185322,19.23527714936774,-96.19248574819315,-96.47459407885981
854,20.504777894861295,8.743342563348133,3.0,0.4961207080887857,8.743342563348133,3.0,15.250678526427992,6.321361759816568,-86.62261580169354,-87.14150698610436
855,18.321184203993063,0.23970355527955456,6.0,0.3663329336500437,0.23970355527955456,6.0,20.405633051393615,22.171174205625206,-316.96277087535736,-317.3487828355772
856,21.40155607204643,5.204574437672277,2.0,-0.2882854581273188,5.204574437672277,2.0,15.854170415113824,6.335852191144053,-21.94731450609354,-22.397365863877376
857,17.885170009079353,4.63675714681501,1.0,0.4049823189246768,4.63675714681501,1.0,27.824258306261015,10.714063222842046,10.645103928606002,11.44955721831927
858,12.650506327390772,6.901267695784598,5.0,2.234386246197682,6.901267695784598,5.0,22.648951836765157,18.171631173406098,-217.3140248778311,-217.06094180217477
859,16.915561190051722,1.6339170014945448,6.0,-0.270396942095442,1.6339170014945448,6.0,19.930747118593217,28.340615847249317,-454.91692333485935,-457.9225404787775
860,14.378147053492762,6.6833074079515375,7.0,0.4194648928532483,6.6833074079515375,7.0,6.76173217523731,7.084569787946502,-380.09909622406735,-378.6760170831169
861,10.916125362803983,3.7673400787487643,7.0,1.2577789508694428,3.7673400787487643,7.0,4.6908124577393675,1.8869357415624712,-395.43792053210603,-395.3680698688513
862,13.7846848108643,6.187147781696421,1.0,1.1402532809442802,6.187147781696421,1.0,21.06688222112685,34.39353894472309,5.838178280295669,7.050700321975963
863,18.464703777894666,0.4009500987277592,6.0,0.011716417719365251,0.4009500987277592,6.0,26.05679361499921,6.7573380047415945,-351.2081156943778,-351.6983951591113
864,24.69951453252737,4.617271971845094,6.0,-2.3833887029573617,4.617271971845094,6.0,31.42166001767744,34.119610783388154,-358.5034917477474,-358.15034546085957
865,20.66008372854879,5.222508939823721,5.0,0.5167028186484662,5.222508939823721,5.0,21.19140934448605,20.639202828283523,-143.12347454184462,-142.88223473343697
866,22.97099829686984,2.143264028549866,6.0,-2.2194742586230527,2.143264028549866,6.0,34.819703736199955,4.113165565760507,-607.3316187262773,-608.5292950411119
867,10.945679830017827,1.396236541791207,6.0,1.469937230941231,1.396236541791207,6.0,10.08658274664827,27.653058803711243,-318.3966023271457,-318.8374430053795
868,13.83802361706532,1.884743030123014,4.0,0.16947387119326057,1.884743030123014,4.0,14.986445180002729,20.344109032025226,-243.05089460389684,-243.20622584784138
869,11.57209962742618,3.4414107806334804,1.0,0.999674019871989,3.4414107806334804,1.0,16.188093077636445,23.809651769314897,4.177477105832059,5.842017686705951
870,18.881619483112157,0.9681014930497145,4.0,-0.9021111381810512,0.9681014930497145,4.0,2.8003132525950925,21.25194788853878,-274.1355376414065,-275.7358311158874
871,23.849651247468657,9.473197957296044,2.0,-1.5525074733000543,9.473197957296044,2.0,6.537006335892531,24.812886131847435,-0.9287636108935884,0.12077550768727008
872,12.897776361602208,4.049940614958173,1.0,0.2607543841411672,4.049940614958173,1.0,1.9842601722954782,7.259563805568275,2.8417335168945774,2.460747472708398
873,18.43747552785532,8.08969602506749,1.0,-0.03360343995614198,8.08969602506749,1.0,27.629159028715094,35.40691964688771,4.709584547686948,4.02364327613153
874,24.14665972275106,9.744171231088467,5.0,-0.4915408261571657,9.744171231088467,5.0,39.2747519206558,28.129144438240367,-9.671671634444573,-10.199759281811204
875,16.05522992844141,0.8073528000273911,4.0,0.08466128073276377,0.8073528000273911,4.0,28.037264036989612,26.265416251824664,-225.7003906092977,-224.81926707322913
876,9.30325138280736,6.51669467934994,4.0,2.76743589203226,6.51669467934994,4.0,10.149037067943649,-3.485153478877992,-125.43840700914751,-125.44627576796117
877,19.264976689643284,8.71409086741214,6.0,0.8345255473690577,8.71409086741214,6.0,22.547316431603797,31.355489376114214,-223.65688511949722,-223.49305090009506
878,12.909538792791553,6.342344339667283,4.0,1.049498605863319,6.342344339667283,4.0,16.736229916297436,3.691973067388494,-175.51830937400928,-175.00397978712357
879,12.322796070305866,4.2902612135741265,5.0,0.8439368915533556,4.2902612135741265,5.0,-5.677346533298046,0.9974544348566656,-246.5035754573906,-245.4731586263459
880,11.939054537900407,4.310763576379383,1.0,1.4794621438521929,4.310763576379383,1.0,11.752273356977788,-1.688928766721773,11.918976581701001,13.858549964232907
881,19.071494372845844,0.3589888600735891,6.0,-0.1900716729007449,0.3589888600735891,6.0,11.882898457274877,27.685089317167215,-352.240174722631,-353.59372549769733
882,25.088395358384204,5.346007512892753,4.0,-2.0547613076752937,5.346007512892753,4.0,19.770484234445945,20.074666875279945,-186.85386900278246,-187.6274046645253
883,25.683361475554644,9.935429967868474,2.0,-0.1885861330060098,9.935429967868474,2.0,38.79731702201654,36.91867471117048,46.09733317942561,46.12611852161202
884,21.21876375822594,9.587075259719342,6.0,0.8117357099965018,9.587075259719342,6.0,29.326879744644586,23.56744846740784,-57.318745093200135,-56.099355595202894
885,19.83040919614713,0.4039922884216318,6.0,-0.9698003951150737,0.4039922884216318,6.0,28.358693814640883,20.520129164913424,-374.7323374313662,-374.9265889110412
886,18.116750894275995,7.057970036294882,1.0,-0.17636595048933035,7.057970036294882,1.0,9.763333002270052,31.099319847695426,-7.975639098154568,-7.329940594938961
887,17.456573861410696,3.017648666969308,2.0,-0.6917697430023131,3.017648666969308,2.0,4.231397572788662,35.07691118439208,-120.46156243977128,-118.5973186746008
888,19.61961524162248,9.029891534061367,1.0,1.5020292518431304,9.029891534061367,1.0,18.07404554756502,8.02854663941318,22.436364943886716,21.81412791519915
889,14.774676198708661,0.45114745709278536,2.0,0.7494570154065637,0.45114745709278536,2.0,19.91465368223276,9.175871890042107,-52.567862695312066,-52.55889460549295
890,21.68692900146703,9.358741020110806,1.0,0.651540620643959,9.358741020110806,1.0,27.501744863529513,18.917232155446193,27.172376142762708,27.312790830562008
891,18.565772210503216,8.374757437877768,5.0,0.6216013131209713,8.374757437877768,5.0,7.599208415269125,25.773663193322797,-208.24554437871203,-207.46159274260833
892,16.784817372839303,1.1750438225260151,4.0,-0.037249252552126945,1.1750438225260151,4.0,28.992341550664797,21.507889134629508,-260.01597115990086,-260.50582707426213
893,15.787939481832879,0.5982433731729919,7.0,0.1975562825275035,0.5982433731729919,7.0,29.983963235818734,22.108626541095603,-407.82064107307286,-406.1494597541423
894,21.18449296394838,8.347076643269359,6.0,-1.1851845805323176,8.347076643269359,6.0,19.83120241402136,11.583948506690529,-301.2232955645459,-300.16110933864826
895,19.676210085505108,1.5575767097457938,5.0,-2.1864419787505676,1.5575767097457938,5.0,32.91050387440906,16.614753594341963,-419.1989602992304,-417.1969279756126
896,19.018966364810364,5.348981529758705,4.0,0.15008113034502407,5.348981529758705,4.0,29.606452346719006,25.59807933280508,-135.11013935195186,-135.5302810428013
897,20.577615540072486,9.157448578787095,1.0,0.3239902562721444,9.157448578787095,1.0,25.91717760441313,28.211364151175516,22.410840386519375,22.987078127773685
898,13.287768330945761,5.674481135493234,1.0,1.2092645684253776,5.674481135493234,1.0,28.228180501418123,-6.818257250155602,13.369706223534893,14.267362167718812
899,10.66283311579529,3.9723330147282407,5.0,1.5713358160823676,3.9723330147282407,5.0,3.342949617450053,5.73318152787569,-247.31912234318892,-249.09474179323868
900,13.460346314129367,4.450160548539922,1.0,1.5699984849989468,4.450160548539922,1.0,7.506280792688247,31.425726260868373,14.404308754065568,14.127039993641475
901,17.416669455388362,0.6311717070387102,1.0,-0.9980235932938778,0.6311717070387102,1.0,38.52516896715778,23.124802581628455,-8.582088797567664,-7.746059716593528
902,24.015718459871685,9.687523213615988,2.0,-0.3522650349497693,9.687523213615988,2.0,20.98057521436707,20.073663278985766,20.92851286696559,21.14092911946355
903,12.461819048635666,3.106541850810828,7.0,0.48033429588137955,3.106541850810828,7.0,-0.09419548694184776,4.156776320887035,-450.4083484752639,-449.42771339559863
904,7.170124626180257,1.8936349167285382,4.0,2.5319046777421774,1.8936349167285382,4.0,11.171721166537464,7.661237270467891,-143.38491658251877,-141.73427754206128
905,8.673715588387882,2.860473018403953,5.0,1.480099203713916,2.860473018403953,5.0,6.124799958960718,17.244035653686893,-230.68650699950882,-230.88453528596594
906,22.88298553002214,9.64373194891479,3.0,1.1193971619983802,9.64373194891479,3.0,44.831318310539075,6.240408486530821,3.2216541819686455,2.818403318755024
907,17.119790561854302,0.94286053488007,2.0,-0.3877879555492906,0.94286053488007,2.0,34.55862063280077,5.038346517942507,-92.28025694977462,-91.98351298371429
908,21.791986395439363,8.673030405011813,3.0,-0.8831996311551246,8.673030405011813,3.0,17.430803904819335,21.034391761023695,-101.75040825157413,-101.78311738418154
909,15.568666995786144,7.0784389440144775,1.0,0.7889078833832395,7.0784389440144775,1.0,22.31310251831567,33.49906522139774,5.075625755996944,4.375757485203042
910,21.05145249862436,8.300191791590281,6.0,-1.10066126423436,8.300191791590281,6.0,13.325656670472048,10.401840217046942,-305.8658898471652,-304.39188934084774
911,22.529062597623863,9.758975403678964,2.0,-0.23843635098030264,9.758975403678964,2.0,40.278276757077876,30.55405869205004,31.643637170398936,32.922625545764845
912,18.159608504888002,8.42154655516872,3.0,-0.11477794900192263,8.42154655516872,3.0,2.5392100689599673,16.126786403008165,-95.07501687563722,-93.35234574824878
913,20.626921885764457,9.43382351277853,7.0,1.592912089122808,9.43382351277853,7.0,16.578838585271704,12.31707007038775,-116.88389560800589,-118.12612418013325
914,16.790085811569003,1.2693525679091977,5.0,-0.35469730295967755,1.2693525679091977,5.0,14.61529369165818,20.041983297087505,-348.13286081568674,-348.8870608092713
915,23.184306377530895,7.9578856516697005,4.0,-2.4392496385726155,7.9578856516697005,4.0,22.668143730102592,17.238579133250834,-234.39911289745305,-232.18740113990123
916,18.474998228127614,5.456756940810478,4.0,0.5044446476624683,5.456756940810478,4.0,12.68154713466511,9.438362151895365,-170.34159905934004,-169.3432490006855
917,20.177477498390186,5.4349559507986065,6.0,-0.6990218531039264,5.4349559507986065,6.0,32.69576186085361,37.98974268310759,-298.1233481079647,-297.8691229331503
918,19.903128075618795,8.989215763205136,2.0,0.042631024437746814,8.989215763205136,2.0,4.867404579167118,28.717538620582474,-21.914140561067853,-21.02248897325407
919,23.542842034491944,9.718038186467112,5.0,-0.08670470084212364,9.718038186467112,5.0,16.806171782470223,33.3819289620013,-16.248561444391175,-14.962564661382508
920,18.323863292755767,7.04838323043181,7.0,-0.2737039958177683,7.04838323043181,7.0,26.444611416519503,21.250602041478153,-436.7911074989708,-438.5882509192551
921,20.57197817874605,4.829383894717839,5.0,0.7903405817847039,4.829383894717839,5.0,16.49660085523873,20.527936804826805,-132.3898683295904,-132.82297819420822
922,23.721144989327815,4.564038579018454,4.0,-1.5328648783527072,4.564038579018454,4.0,25.1810127067801,25.68075722256721,-236.3597772282996,-237.71016979202713
923,16.359825962792836,3.863414572231818,2.0,-0.5170142249543602,3.863414572231818,2.0,7.403366476941139,7.351098688050563,-102.90218390973656,-101.96842671390115
924,12.903181382228773,3.6159902957266263,2.0,0.6840379131173813,3.6159902957266263,2.0,22.976032126576797,16.34593895538602,-74.71265509790285,-75.30142352706055
925,17.80472845787509,3.915068416844314,7.0,-0.6140847753443682,3.915068416844314,7.0,19.67993523253842,33.35996643107798,-557.4477918891532,-557.3313894271207
926,20.975082893230407,0.8975323525119527,4.0,-1.6088067092699718,0.8975323525119527,4.0,14.42034236036938,28.617111483739553,-298.5822184554472,-298.3251245894272
927,14.2922297580244,0.7743608526043821,3.0,0.6685553432567358,0.7743608526043821,3.0,28.100165968934256,2.8352356558004796,-131.0730316298034,-131.35186577577983
928,14.232510618755885,7.798698438723117,3.0,1.123094630441539,7.798698438723117,3.0,15.273409287638021,8.01154696627159,-93.18432226481407,-90.99894040259673
929,17.152963376168376,4.460728929202261,5.0,-0.04499520764300634,4.460728929202261,5.0,12.588488553883042,14.67493455351082,-270.2329354190374,-271.36058483669336
930,22.89570880276705,9.306844885446205,4.0,-1.9608455984695325,9.306844885446205,4.0,39.74601440694413,39.84291842611777,-76.66852982420401,-76.28963231117228
931,13.054958232401596,6.122210085939525,5.0,0.7059697466988162,6.122210085939525,5.0,22.671912036720745,16.255217970467083,-243.70997335987101,-243.95600024494354
932,21.023478986164317,0.3517598218441975,2.0,-1.659887881419688,0.3517598218441975,2.0,29.455999602193874,35.67310195343203,-90.64857747297106,-89.31939722317219
933,13.277443069137892,1.5752334131747947,5.0,0.3087992768481657,1.5752334131747947,5.0,24.192111281132064,-0.8401284165637684,-303.38805301518886,-302.0650227055094
934,18.53064119706602,2.058197930130076,4.0,-0.8874638247421598,2.058197930130076,4.0,20.4592605454734,6.710310631868882,-318.79775601240226,-318.0834141764805
935,24.97341673929126,9.757360243896606,7.0,-1.1598392857669653,9.757360243896606,7.0,27.59723010867131,11.518122373997379,-32.935055458791055,-33.45236552053407
936,15.516575556981383,2.187042261516349,2.0,-0.4419100170796902,2.187042261516349,2.0,4.016487748912992,-12.749715817646027,-102.58737791017835,-102.19258148107468
937,21.479330510320686,5.157556762880513,2.0,-0.18329755642725984,5.157556762880513,2.0,19.988256013054645,1.5600457044007427,-16.36802700395539,-15.835720255401881
938,20.9717432094671,9.361769316401961,4.0,-0.6442082503864482,9.361769316401961,4.0,40.51302255897264,36.31121254219579,-57.868069701872024,-56.06073868858192
939,23.367410610951918,9.771927299143574,4.0,0.5887032782151507,9.771927299143574,4.0,7.76094532667987,11.262097300745637,9.587778306323536,10.9318528273404
940,16.801828707204383,2.363604353835446,5.0,-0.44606937845883377,2.363604353835446,5.0,18.96463272058955,10.846937125750692,-384.55360716092196,-384.711109821791
941,15.778388807709478,0.4911764375004013,3.0,0.980190871671822,0.4911764375004013,3.0,5.385685670582648,26.787558400763412,-126.75211317199438,-126.76137213801152
942,13.744993683692988,1.536018325377585,7.0,0.28117316564347944,1.536018325377585,7.0,10.002222599124465,3.3997153982899686,-462.4661137666603,-461.5158371534202
943,19.924236492876275,0.6332847870255809,4.0,-0.697557206596308,0.6332847870255809,4.0,29.79252473810063,23.56645456028974,-256.5388302101085,-258.40457643729
944,16.395459281689718,1.951242410923364,1.0,-0.8659398838322859,1.951242410923364,1.0,12.293028837418646,15.665074885047684,-21.299605550528934,-20.470463461073507
945,20.293798677262895,5.685697147037354,1.0,-1.6474962990474387,5.685697147037354,1.0,15.56278236391706,7.417982337635781,-17.577727602761833,-18.053803147867576
946,21.72630657946916,9.124487962956419,7.0,0.2907331778668224,9.124487962956419,7.0,17.106003055301038,11.429428581242624,-212.38723918020497,-212.2802601761972
947,21.972028019834465,5.3721888369434,1.0,-0.3545875472513581,5.3721888369434,1.0,16.113910211581107,17.154464570871305,0.31100481572690586,-0.7365382785683039
948,23.775679650308803,6.259895566990807,7.0,-2.3721955280635143,6.259895566990807,7.0,36.7805914264872,14.348761503133646,-594.2543688114434,-594.4530411661566
949,16.746379851298702,2.0186725160954113,2.0,-0.5357148727694001,2.0186725160954113,2.0,12.507259064160436,7.000153580209544,-113.27047659803478,-111.78012135869386
950,18.34089162095588,8.0058362067385,1.0,-0.901034029254952,8.0058362067385,1.0,5.948365191582873,25.490557718725103,3.184302824580209,3.0449174394183274
951,10.393394519346478,6.177889085055832,3.0,1.5756775921706603,6.177889085055832,3.0,4.32318088383998,-0.03740340461585845,-90.17453684595542,-89.0462668608305
952,22.942718508846873,8.641368291927249,5.0,-1.7027786118933097,8.641368291927249,5.0,26.644273172631372,-3.791779018203048,-222.82756560013846,-223.5386875086361
953,23.473821834439157,9.48843107005784,3.0,-1.4413507997340538,9.48843107005784,3.0,23.147226168119992,27.102452982077416,-23.0379068231993,-22.207599510386444
954,10.388117127375201,3.479007757565923,6.0,1.1099696431056998,3.479007757565923,6.0,-5.171231748810174,14.720165696343443,-323.4644895389535,-322.7688125257582
955,12.508332456051145,0.9057905853543935,5.0,1.3567631574639631,0.9057905853543935,5.0,-4.128557554987987,15.400698687723615,-250.10574182568263,-249.38779195107352
956,17.538123038287726,2.2592895791678247,3.0,-0.7449829387256415,2.2592895791678247,3.0,5.466018959364126,28.9554041328142,-211.5380866627574,-212.6660584316234
957,19.557215285996477,4.3784156567583725,5.0,-0.6320858228089109,4.3784156567583725,5.0,23.677831893516156,13.360470195831102,-337.0100028352067,-337.75189917534505
958,22.267793746199903,9.456936518244733,7.0,0.6162353965533128,9.456936518244733,7.0,10.660079204335126,21.48207078615065,-123.3387545207145,-123.72493334087517
959,24.054443260537823,3.783098223734153,3.0,-2.32709979694531,3.783098223734153,3.0,23.004940578984012,37.18777295855544,-276.3794228306198,-278.16984198919715
960,22.412348533479665,7.7077321366537,2.0,-1.8611936845055561,7.7077321366537,2.0,21.962998731195064,4.680422349382056,-91.572176763165,-92.57759471649901
961,19.771270667473654,5.40476692170755,3.0,-0.28073340085071186,5.40476692170755,3.0,40.07742631634083,22.448207140090105,-106.88590060069409,-107.49103918218125
962,11.063467658934334,1.8280877043097654,6.0,1.549890566129126,1.8280877043097654,6.0,12.235306649751848,4.811830385486104,-339.49953002462297,-338.8004341179571
963,15.497664629958882,3.207341189534516,2.0,-0.4357300881667396,3.207341189534516,2.0,9.292622951609996,-9.745820618779574,-101.6006964531306,-100.50900022272604
964,19.51916001599482,6.531918850228187,7.0,0.10093679173515462,6.531918850228187,7.0,28.306265631226893,8.088150579485681,-491.26551956731635,-491.80335066560576
965,14.526031531892635,6.728533946848935,5.0,1.133789272564012,6.728533946848935,5.0,3.5001610590500043,19.208845286223195,-250.08006832409006,-250.8977597239625
966,11.258108280466665,4.347597468090462,5.0,2.106884733278146,4.347597468090462,5.0,-5.354252166181922,18.999235546997806,-216.1168302472994,-216.45503379047892
967,17.378507842286147,2.2864560266211464,3.0,-0.5768484731483126,2.2864560266211464,3.0,15.888058828371115,21.571890581438858,-211.8367135446226,-210.89504243980667
968,19.492737648356965,7.219067795126763,7.0,-0.016836723733426057,7.219067795126763,7.0,5.552521883184294,0.47865974196536243,-449.2460737157429,-450.0211846701237
969,10.065281441378247,1.6887304161271477,1.0,1.8220552213428425,1.6887304161271477,1.0,16.54047550334407,21.220986399716708,13.5284497345712,14.426135267575063
970,22.043209747283488,9.366696918651266,3.0,-1.5221992751914284,9.366696918651266,3.0,18.739434544067823,26.40323898440211,-32.86410052452652,-32.01553766598018
971,13.080472279453247,1.879035790364767,3.0,1.0275810705538218,1.879035790364767,3.0,1.3469142853596896,19.854853171859027,-155.9392835661855,-155.2074241173901
972,18.72841630347611,1.0731236283252044,4.0,-1.0183155323612583,1.0731236283252044,4.0,33.99653409937095,36.963806869587074,-281.0772281509348,-281.364757904703
973,21.976368480635056,4.976477023653788,4.0,0.10247236710315673,4.976477023653788,4.0,32.40256763153574,28.789181651474983,-72.64461726110171,-73.02552003334796
974,20.289402009769486,5.19549598109694,2.0,-0.24261904740027426,5.19549598109694,2.0,15.33839504452052,5.841154841803078,-14.951662604099116,-15.964367482362128
975,23.409479675029456,5.081929147782448,2.0,-0.9580116007012293,5.081929147782448,2.0,23.050907628557542,32.75088016094547,-15.086019137739658,-16.08339995469658
976,18.85437428908429,4.366674893388395,1.0,-0.9831019276582751,4.366674893388395,1.0,6.029696584489834,9.951871581796178,-17.003168497955855,-16.3112268637572
977,25.06045839341301,9.948148928296083,5.0,0.2764143642537545,9.948148928296083,5.0,26.446829238859664,29.671323723022674,48.5129147486442,47.75436044679545
978,20.031186657678447,4.862806126705818,3.0,0.9955393281626821,4.862806126705818,3.0,27.274261865012946,19.800589851861083,-47.04828229885431,-45.69582036932344
979,22.913317912339977,4.77946580739831,4.0,-0.1297362031885032,4.77946580739831,4.0,38.1980626803642,16.24149991204243,-129.70609285247127,-129.83507352810483
980,17.8261867755964,4.217660627145613,5.0,0.07011315873321637,4.217660627145613,5.0,17.204299578031684,8.691179268998189,-349.30631877142383,-350.58595881735476
981,15.43032793555672,0.668257547014629,5.0,0.5711740662910472,0.668257547014629,5.0,16.16418960015892,11.213206027177943,-275.0907387241248,-273.24489627358327
982,19.48895158567044,5.929566311496161,4.0,-0.9716187730129598,5.929566311496161,4.0,33.94155900208017,8.477374172481056,-263.1808120881022,-263.1806187600093
983,12.055492560989938,2.279677722231824,5.0,0.739692508412923,2.279677722231824,5.0,-6.779281229095465,7.831816924775076,-295.8815698455704,-294.8112744328724
984,15.748701817612314,6.376089802290499,5.0,0.819343097059747,6.376089802290499,5.0,16.306450258665066,9.242007574087324,-279.98364642552525,-280.62438405462194
985,10.42914706338661,0.5083346194847715,5.0,2.60362629875041,0.5083346194847715,5.0,-0.17516569429491824,14.56691691934681,-181.56526273576532,-180.46745573594757
986,23.93000596273054,9.813871012530017,5.0,-0.3761041905595823,9.813871012530017,5.0,28.54257116212389,13.848841824994997,10.357320257086327,10.20057922986475
987,21.657155258529848,4.690050790126722,3.0,-0.4580818016681276,4.690050790126722,3.0,15.160555235036822,14.49025895393199,-104.26636855467875,-104.7724030263969
988,19.25861203421019,8.967553715906984,2.0,0.7689658715737455,8.967553715906984,2.0,13.913804346896487,5.545912954605914,-18.3571378185622,-19.300740729516995
989,19.33333436672343,4.755611732329347,6.0,0.8191041689121383,4.755611732329347,6.0,22.694186237014236,31.039987836654422,-198.08303382989416,-198.06998859028457
990,16.9267837048118,0.6033081857422173,3.0,-0.535087153376712,0.6033081857422173,3.0,32.717900528154395,1.750869051882498,-148.06321314900103,-146.60689356271277
991,20.5201872746212,8.22213546093807,4.0,-0.40316267693004887,8.22213546093807,4.0,10.262899326942975,32.08471585971448,-184.60891346419598,-184.74719921377607
992,17.424950294151138,6.481837296671343,2.0,0.5411308382180404,6.481837296671343,2.0,25.43801545092881,24.834755428563614,-82.43920360757818,-82.24549420866096
993,20.88453894008442,7.817570475739451,4.0,-0.8275842407346614,7.817570475739451,4.0,14.499068357150367,30.802495275647477,-216.1032265531476,-216.8155644195457
994,18.981249455833456,4.281698635088733,4.0,-0.4105339880150149,4.281698635088733,4.0,7.181726503277149,8.740272313600245,-271.6093977981964,-272.8511226797076
995,15.777798074277124,6.3793674424664495,5.0,0.08959276736843465,6.3793674424664495,5.0,27.473277288225688,6.1106972114508,-279.26723262803046,-280.9825680546416
996,18.24038436160418,8.562290037966076,4.0,0.9959386848222581,8.562290037966076,4.0,20.732204531989023,31.690404713525716,-134.66996506100637,-134.2496014371696
997,17.52707535857856,6.310654428718875,3.0,-0.6045986161795408,6.310654428718875,3.0,12.75467427941387,14.222230440700034,-160.87064115593446,-160.16714428995144
998,20.96770787735818,3.476736348359033,7.0,-1.842384462030672,3.476736348359033,7.0,34.874037831616235,49.99028554529063,-654.9798514501468,-654.3673471687472
999,22.899429539708375,6.625295943661999,4.0,-1.916597467518211,6.625295943661999,4.0,16.85347215714941,23.641253952546055,-294.17742748567434,-294.74722907802095
